pubchem,smiles,STITCH_id,name,pubchemID
2801,CN(C)CCCN1C2=CC=CC=C2CCC3=C1C=C(C=C3)Cl,CID000002801,clomipramine,2801
4595,CC1=NC=CN1CC2CCC3=C(C2=O)C4=CC=CC=C4N3C,CID000004595,ondansetron,4595
3365,C1=CC(=C(C=C1F)F)C(CN2C=NC=N2)(CN3C=NC=N3)O,CID000003365,fluconazole,3365
3043,C1CC(OC1CO)N2C=NC3=C2N=CNC3=O,CID000003043,didanosine,3043
3890,CC(C)OC(=O)CCCC=CCC1C(CC(C1CCC(CCC2=CC=CC=C2)O)O)O,CID000003890,latanoprost,3890
2551,C[N+](C)(C)CCOC(=O)N,CID000002551,carbachol,2551
1971,C1CC1NC2=C3C(=NC(=N2)N)N(C=N3)C4CC(C=C4)CO,CID000001971,abacavir,1971
60835,CNCC[C@@H](C1=CC=CS1)OC2=CC=CC3=CC=CC=C32,CID000060835,duloxetine,60835
4091,CN(C)C(=N)N=C(N)N,CID000004091,metformin,4091
163742,CO[C@@H]1[C@@H]([C@H]([C@@H]([C@H](O1)COS(=O)(=O)O)O[C@H]2[C@@H]([C@H]([C@@H]([C@@H](O2)C(=O)O)OC3[C@@H]([C@H]([C@@H]([C@H](O3)COS(=O)(=O)O)O[C@H]4[C@@H]([C@H]([C@@H]([C@H](O4)C(=O)O)O[C@@H]5[C@@H]([C@H]([C@@H]([C@H](O5)COS(=O)(=O)O)O)O)NS(=O)(=O)O)O)O)OS(=O)(=O)O)NS(=O)(=O)O)O)OS(=O)(=O)O)O)NS(=O)(=O)O,CID000163742,fondaparinux sodium,163742
5538,CC1=C(C(CCC1)(C)C)C=CC(=CC=CC(=CC(=O)O)C)C,CID000005538,retinoic acid,5538
4200,CN(C)C1C2CC3CC4=C(C=CC(=C4C(=C3C(=O)C2(C(=C(C1=O)C(=O)N)O)O)O)O)N(C)C,CID000004200,minocycline,4200
4419,C1CC(C1)CN2CCC34C5C(CCC3(C2CC6=C4C(=C(C=C6)O)O5)O)O,CID000004419,nalbuphine,4419
4585,CC1=CC2=C(S1)NC3=CC=CC=C3N=C2N4CCN(CC4)C,CID000004585,olanzapine,4585
5376,CCC(=C(C1=CC=CC=C1)C2=CC=C(C=C2)OCCN(C)C)C3=CC=CC=C3,CID000005376,tamoxifen,5376
2676,CC(C)C1=C(C(=C(C(=N1)C(C)C)COC)C2=CC=C(C=C2)F)C=CC(CC(CC(=O)O)O)O,CID000002676,cerivastatin,2676
4183806,CCCCC(C)(CC=CC1C(CC(=O)C1CCCCCCC(=O)OC)O)O,CID004183806,misoprostol,4183806
2678,C1CN(CCN1CCOCC(=O)O)C(C2=CC=CC=C2)C3=CC=C(C=C3)Cl,CID000002678,cetirizine,2678
60754,CNC(=O)CN(CCN(CCN(CC(=O)NC)CC(=O)[O-])CC(=O)[O-])CC(=O)[O-].O.[Gd+3],CID000060754,gadodiamide,60754
5719,CCN(C1=CC=CC(=C1)C2=CC=NC3=C(C=NN23)C#N)C(=O)C,CID000005719,zaleplon,5719
57469,CC(C)CN1C=NC2=C1C3=CC=CC=C3N=C2N,CID000057469,imiquimod,57469
5493381,C1=CC=C(C(=C1)C2=NN(C(=N2)C3=CC=CC=C3O)C4=CC=C(C=C4)C(=O)O)O,CID005493381,ICL670,5493381
3305,CC(O)(P(=O)(O)O)P(=O)(O)O,CID000003305,EHDP,3305
5593,CCN(CC1=CC=NC=C1)C(=O)C(CO)C2=CC=CC=C2,CID000005593,tropicamide,5593
5329102,CCN(CC)CCNC(=O)C1=C(NC(=C1C)/C=C\2/C3=C(C=CC(=C3)F)NC2=O)C,CID005329102,SU11248,5329102
5530,C1C(C1N)C2=CC=CC=C2,CID000005530,tranylcypromine,5530
3040,CC1=C(C(=NO1)C2=C(C=CC=C2Cl)Cl)C(=O)NC3C4N(C3=O)C(C(S4)(C)C)C(=O)[O-],CID000003040,dicloxacillin,3040
4894,CC12CC(C3C(C1CCC2(C(=O)CO)O)CCC4=CC(=O)C=CC34C)O,CID000004894,prednisolone,4894
5408,CC12CCC3C(C1CCC2O)CCC4=CC(=O)CCC34C,CID000005408,testosterone,5408
4253,CN1CCC23C4C1CC5=C2C(=C(C=C5)O)OC3C(C=C4)O,CID000004253,morphine,4253
5731,CN(C)CCC1=CNC2=C1C=C(C=C2)CC3COC(=O)N3,CID000005731,zolmitriptan,5731
5978,CC[C@@]1(C[C@@H]2C[C@@](C3=C(CCN(C2)C1)C4=CC=CC=C4N3)(C5=C(C=C6C(=C5)[C@]78CCN9[C@H]7[C@@](C=CC9)([C@H]([C@@]([C@@H]8N6C=O)(C(=O)OC)O)OC(=O)C)CC)OC)C(=O)OC)O,CID000005978,vincristine,5978
5002,C1CN(CCN1CCOCCO)C2=NC3=CC=CC=C3SC4=CC=CC=C42,CID000005002,quetiapine,5002
77999,CN(CCOC1=CC=C(C=C1)CC2C(=O)NC(=O)S2)C3=CC=CC=N3,CID000077999,rosiglitazone,77999
2550,CC(CS)C(=O)N1CCCC1C(=O)O,CID000002550,captopril,2550
3961,CCCCC1=NC(=C(N1CC2=CC=C(C=C2)C3=CC=CC=C3C4=NNN=N4)CO)Cl,CID000003961,losartan,3961
3404,COCCCCC(=NOCCN)C1=CC=C(C=C1)C(F)(F)F,CID000003404,fluvoxamine,3404
3476,CCC1=C(CN(C1=O)C(=O)NCCC2=CC=C(C=C2)S(=O)(=O)NC(=O)NC3CCC(CC3)C)C,CID000003476,glimepiride,3476
77993,CN1CCC[C@@H]1CC2=CNC3=C2C=C(C=C3)CCS(=O)(=O)C4=CC=CC=C4,CID000077993,eletriptan,77993
125889,CC(C)C[C@H](CC(=O)O)CN,CID000125889,pregabalin,125889
145068,[N]=O,CID000145068,nitric oxide,145068
3372,C1CN(CCN1CCCN2C3=CC=CC=C3SC4=C2C=C(C=C4)C(F)(F)F)CCO,CID000003372,fluphenazine,3372
60852,CCCCCN(C)CCC(O)(P(=O)(O)O)P(=O)(O)O,CID000060852,ibandronate,60852
42113,C(C(F)(F)F)(OC(F)F)F,CID000042113,desflurane,42113
3148,C1C2CC3CC(CC1N3CC2=O)OC(=O)C4=CNC5=CC=CC=C54,CID000003148,dolasetron,3148
5466,CC1=C(SC=C1)C(=CCCN2CCCC(C2)C(=O)O)C3=C(C=CS3)C,CID000005466,tiagabine,5466
4771,CC(C)(CC1=CC=CC=C1)N,CID000004771,phentermine,4771
4614,C1=CC=C(C=C1)C2=C(OC(=N2)CCC(=O)O)C3=CC=CC=C3,CID000004614,oxaprozin,4614
32797,CC1CC2C3CCC4=CC(=O)C=CC4([C@]3(C(CC2([C@]1(C(=O)CCl)O)C)O)F)C,CID000032797,clobetasol,32797
176168,C(=O)([O-])[O-].C(=O)([O-])[O-].C(=O)([O-])[O-].O.[La+3].[La+3],CID000176168,Lambda,176168
2725,CN(C)CCC(C1=CC=C(C=C1)Cl)C2=CC=CC=N2,CID000002725,chlorpheniramine,2725
3003,CC1CC2C3CCC4=CC(=O)C=CC4(C3(C(CC2(C1(C(=O)CO)O)C)O)F)C,CID000003003,dexamethasone,3003
2520,CC(C)C(CCCN(C)CCC1=CC(=C(C=C1)OC)OC)(C#N)C2=CC(=C(C=C2)OC)OC,CID000002520,verapamil,2520
71329,CN(CCC1=CC=C(C=C1)NS(=O)(=O)C)CCOC2=CC=C(C=C2)NS(=O)(=O)C,CID000071329,dofetilide,71329
2818,CN1CCN(CC1)C2=NC3=C(C=CC(=C3)Cl)NC4=CC=CC=C42,CID000002818,clozapine,2818
4011,CNCCCC12CCC(C3=CC=CC=C31)C4=CC=CC=C24,CID000004011,maprotiline,4011
4609,C1CCC(C(C1)[NH-])[NH-].C(=O)(C(=O)O)O.[Pt+2],CID000004609,oxaliplatin,4609
2177,CC(C)CN(CC(C(CC1=CC=CC=C1)NC(=O)OC2CCOC2)O)S(=O)(=O)C3=CC=C(C=C3)N,CID000002177,amprenavir,2177
4659568,CCN(CC)C(=O)C(=CC1=CC(=C(C(=C1)O)O)[N+](=O)[O-])C#N,CID004659568,entacapone,4659568
5372,CC1CC(C2C(CC(C(O2)(C(=O)C(=O)N3CCCCC3C(=O)OC(C(C(CC(=O)C(C=C(C1)C)CC=C)O)C)C(=CC4CCC(C(C4)OC)O)C)O)C)OC)OC,CID000005372,tacrolimus,5372
450,CC12CCC3C(C1CCC2O)CCC4=C3C=CC(=C4)O,CID000000450,estradiol,450
4542,CCC12CCC3C(C1CCC2(C#C)O)CCC4=CC(=O)CCC34,CID000004542,levonorgestrel,4542
5647,CC(C)C(C(=O)OCCOCN1C=NC2=C1N=C(NC2=O)N)N,CID000005647,valacyclovir,5647
838,CNCC(C1=CC(=C(C=C1)O)O)O,CID000000838,epinephrine,838
3002190,CC[C@@H]1[C@@]2([C@@H]([C@H](C(=O)[C@@H](C[C@@]([C@@H]([C@H](C(=O)[C@H](C(=O)O1)C)C)O[C@H]3[C@@H]([C@H](C[C@H](O3)C)N(C)C)O)(C)OC)C)C)N(C(=O)O2)CCCCN4C=C(N=C4)C5=CN=CC=C5)C,CID003002190,telithromycin,3002190
2249,CC(C)NCC(COC1=CC=C(C=C1)CC(=O)N)O,CID000002249,atenolol,2249
4723,C1=CC=C(C=C1)C2C(=O)N=C(O2)N,CID000004723,pemoline,4723
3929,CC(=O)NCC1CN(C(=O)O1)C2=CC(=C(C=C2)N3CCOCC3)F,CID000003929,linezolid,3929
5152,C1=CC=C(C=C1)CCCCOCCCCCCNCC(C2=CC(=C(C=C2)O)CO)O,CID000005152,salmeterol,5152
2083,CC(C)(C)NCC(C1=CC(=C(C=C1)O)CO)O,CID000002083,salbutamol,2083
12620,CCCCCCCCCCCCCCCCCCCCCCO,CID000012620,Tadenan,12620
5311027,CCNC(=O)CCC/C=C\C[C@H]1[C@H](C[C@H]([C@@H]1/C=C/[C@H](CCC2=CC=CC=C2)O)O)O,CID005311027,bimatoprost,5311027
5381226,CC1C=CC=C(C(=O)NC2=C(C(=C3C(=C2O)C(=C(C4=C3C(=O)C(O4)(OC=CC(C(C(C(C(C(C1O)C)O)C)OC(=O)C)C)OC)C)C)O)O)C=NN5CCN(CC5)C)C,CID005381226,rifampicin,5381226
1983,CC(=O)NC1=CC=C(C=C1)O,CID000001983,acetaminophen,1983
564,C(CCC(=O)O)CCN,CID000000564,epsilon-aminocaproic acid,564
4052,CC1=CN=C(S1)NC(=O)C2=C(C3=CC=CC=C3S(=O)(=O)N2C)O,CID000004052,meloxicam,4052
9571074,CC1=C(SC=N1)/C=C\C2=C(N3[C@@H](C(C3=O)NC(=O)/C(=N\OC)/C4=CSC(=N4)N)SC2)C(=O)O,CID009571074,cefditoren,9571074
453,C(C(C(C(C(CO)O)O)O)O)O,CID000000453,mannitol,453
5073,CC1=C(C(=O)N2CCCCC2=N1)CCN3CCC(CC3)C4=NOC5=C4C=CC(=C5)F,CID000005073,risperidone,5073
1206,CC(CC1=CC=CC=C1)NC,CID000001206,methamphetamine,1206
5311181,CC#CCC(C)[C@@H](/C=C/[C@H]1[C@@H](C[C@H]2[C@@H]1C/C(=C/CCCC(=O)O)/C2)O)O,CID005311181,iloprost,5311181
6398525,C([C@@H]1[C@H]([C@@H]([C@H]([C@@H](O1)O[C@]2([C@H]([C@@H]([C@H](O2)OS(=O)(=O)O)OS(=O)(=O)O)OS(=O)(=O)O)COS(=O)(=O)O)OS(=O)(=O)O)OS(=O)(=O)O)OS(=O)(=O)O)OS(=O)(=O)O.O.O.O.O.O.O.O.O.O.O.O.O.O.O.O.O.O.O.O.O.[Al].[Al].[Al].[Al].[Al].[Al].[Al].[Al].[Al],CID006398525,sucralfate,6398525
4201,C1CCN(CC1)C2=NC(=N)N(C(=C2)N)O,CID000004201,minoxidil,4201
60795,C1CC(=O)NC2=C1C=CC(=C2)OCCCCN3CCN(CC3)C4=C(C(=CC=C4)Cl)Cl,CID000060795,aripiprazole,60795
5040,CC1CCC2CC(C(=CC=CC=CC(CC(C(=O)C(C(C(=CC(C(=O)CC(OC(=O)C3CCCCN3C(=O)C(=O)C1(O2)O)C(C)CC4CCC(C(C4)OC)O)C)C)O)OC)C)C)C)OC,CID000005040,rapamycin,5040
68740,C1=CN(C=N1)CC(O)(P(=O)(O)O)P(=O)(O)O,CID000068740,zoledronic acid,68740
5215,C1=CN=C(N=C1)NS(=O)(=O)C2=CC=C(C=C2)N,CID000005215,sulfadiazine,5215
2487,C1CCC2(C3CC4=C(C2(C1)CCN3CC5CCC5)C=C(C=C4)O)O,CID000002487,butorphanol,2487
154059,C1CN2CCC1[C@H](C2)OC(=O)N3CCC4=CC=CC=C4[C@@H]3C5=CC=CC=C5,CID000154059,solifenacin succinate,154059
4583,CC1COC2=C3N1C=C(C(=O)C3=CC(=C2N4CCN(CC4)C)F)C(=O)O,CID000004583,ofloxacin,4583
3675,C1=CC=C(C=C1)CCNN,CID000003675,phenelzine,3675
2170,C1CN(CCN1)C2=NC3=CC=CC=C3OC4=C2C=C(C=C4)Cl,CID000002170,amoxapine,2170
5533,C1CN(CCN1CCCN2C(=O)N3C=CC=CC3=N2)C4=CC(=CC=C4)Cl,CID000005533,trazodone,5533
5487,C1CN=C(N1)NC2=C(C=CC3=NSN=C32)Cl,CID000005487,tizanidine,5487
5311082,C1C[C@H]2C(=O)N[C@H]3CSSCCC(=O)N(C3=O)[C@H](C(=O)NCC(=O)N[C@H](C(=O)N[C@H](C(=O)N2C1)CC4=CNC5=CC=CC=C54)CC(=O)O)CCCCN=C(N)N,CID005311082,eptifibatide,5311082
2622,C[N+]1(CCCC1)CC2=C(N3C(C(C3=O)NC(=O)C(=NOC)C4=CSC(=N4)N)SC2)C(=O)[O-],CID000002622,cefepime,2622
5391,CN1C2=C(C=C(C=C2)Cl)C(=NC(C1=O)O)C3=CC=CC=C3,CID000005391,temazepam,5391
2435,C1CN=C(N1)NC2=C(C3=NC=CN=C3C=C2)Br,CID000002435,brimonidine,2435
3310,CC1OCC2C(O1)C(C(C(O2)OC3C4COC(=O)C4C(C5=CC6=C(C=C35)OCO6)C7=CC(=C(C(=C7)OC)O)OC)O)O,CID000003310,etoposide,3310
1546,C1C(C(OC1N2C=NC3=C(N=C(N=C32)Cl)N)CO)O,CID000001546,2-chlorodeoxyadenosine,1546
1349907,CN1C=CNC1=S,CID001349907,methimazole,1349907
5282044,CC(C)(C)NCC(=O)NC1=CC(=C2CC3CC4C(C(=O)C(=C(C4(C(=O)C3=C(C2=C1O)O)O)O)C(=O)N)N(C)C)N(C)C,CID005282044,tigecycline,5282044
3143,CC1=C2C(C(=O)C3(C(CC4C(C3C(C(C2(C)C)(CC1OC(=O)C(C(C5=CC=CC=C5)NC(=O)OC(C)(C)C)O)O)OC(=O)C6=CC=CC=C6)(CO4)OC(=O)C)O)C)O,CID000003143,docetaxel,3143
2631,CC(=O)OCC1=C(N2C(C(C2=O)NC(=O)C(=NOC)C3=CSC(=N3)N)SC1)C(=O)[O-],CID000002631,cefotaxime,2631
4189,C1=CC(=C(C=C1Cl)Cl)COC(CN2C=CN=C2)C3=C(C=C(C=C3)Cl)Cl,CID000004189,miconazole,4189
4727,CC(C)(C(C(=O)O)N)S,CID000004727,D-penicillamine,4727
5267,CC(=O)SC1CC2=CC(=O)CCC2(C3C1C4CCC5(C4(CC3)C)CCC(=O)O5)C,CID000005267,spironolactone,5267
4917,CN1CCN(CC1)CCCN2C3=CC=CC=C3SC4=C2C=C(C=C4)Cl,CID000004917,prochlorperazine,4917
2182,C1C2=C(C=CC(=C2Cl)Cl)N=C3N1CC(=O)N3,CID000002182,anagrelide,2182
1302,CC(C1=CC2=C(C=C1)C=C(C=C2)OC)C(=O)O,CID000001302,naproxen,1302
4812,CC1=C(C(=O)C2=CC=CC=C2C1=O)CC=C(C)CCCC(C)CCCC(C)CCCC(C)C,CID000004812,vitamin K1,4812
3899,CC1=C(C=NO1)C(=O)NC2=CC=C(C=C2)C(F)(F)F,CID000003899,leflunomide,3899
4205,CN1CCN2C(C1)C3=CC=CC=C3CC4=C2N=CC=C4,CID000004205,mirtazapine,4205
2771,CN(C)CCCC1(C2=C(CO1)C=C(C=C2)C#N)C3=CC=C(C=C3)F,CID000002771,citalopram,2771
3478,CC1=CN=C(C=N1)C(=O)NCCC2=CC=C(C=C2)S(=O)(=O)NC(=O)NC3CCCCC3,CID000003478,glipizide,3478
5281104,C[C@H](/C=C/[C@H](C)C(C)(C)O)[C@H]1CC[C@@H]\2[C@@]1(CCC/C2=C\C=C3C[C@H](C[C@@H](C3)O)O)C,CID005281104,paricalcitol,5281104
3449,CN1CCC23C=CC(CC2OC4=C(C=CC(=C34)C1)OC)O,CID000003449,galantamine,3449
4740,CC(=O)CCCCN1C(=O)C2=C(N=CN2C)N(C1=O)C,CID000004740,pentoxifylline,4740
5401,COC1=C(C=C2C(=C1)C(=NC(=N2)N3CCN(CC3)C(=O)C4CCCO4)N)OC,CID000005401,terazosin,5401
3350,CC12CCC3C(C1CCC2C(=O)NC(C)(C)C)CCC4C3(C=CC(=O)N4)C,CID000003350,finasteride,3350
2269,CCC1C(C(C(N(CC(CC(C(C(C(C(C(=O)O1)C)OC2CC(C(C(O2)C)O)(C)OC)C)OC3C(C(CC(O3)C)N(C)C)O)(C)O)C)C)C)O)(C)O,CID000002269,azithromycin,2269
4900,CC12CC(=O)C3C(C1CCC2(C(=O)CO)O)CCC4=CC(=O)C=CC34C,CID000004900,prednisone,4900
2955,C1=CC(=CC=C1N)S(=O)(=O)C2=CC=C(C=C2)N,CID000002955,dapsone,2955
3261,C1C2=NN=CN2C3=C(C=C(C=C3)Cl)C(=N1)C4=CC=CC=C4,CID000003261,estazolam,3261
39765,CC(=O)O[C@H]1C[C@@H]2CC[C@@H]3[C@@H]([C@]2(C[C@@H]1N4CCCCC4)C)CC[C@]5([C@H]3C[C@@H]([C@@H]5OC(=O)C)[N+]6(CCCCC6)C)C,CID000039765,vecuronium,39765
3559,C1CN(CCC1(C2=CC=C(C=C2)Cl)O)CCCC(=O)C3=CC=C(C=C3)F,CID000003559,haloperidol,3559
2891,CC1=CC2=C(C=C1C)N(C=N2)C3C(C(C(O3)CO)OP(=O)(O)OC(C)CNC(=O)CCC4(C(C5C6(C(C(C(=N6)C(=C7C(C(C(=N7)C=C8C(C(C(=N8)C(=C4[N-]5)C)CCC(=O)N)(C)C)CCC(=O)N)(C)CC(=O)N)C)CCC(=O)N)(C)CC(=O)N)C)CC(=O)N)C)O.[C-]#N.[Co+2],CID000002891,vitamin B12,2891
2283,CCC(C)C1C(=O)NC(C(=O)NC(C(=O)NC(C(=O)NC(C(=O)NC(C(=O)NC(C(=O)N1)CCCN)CCCCNC(=O)C(C(C)CC)NC(=O)C(CCC(=O)O)NC(=O)C(CC(C)C)NC(=O)C2CSC(=N2)C(C(C)CC)N)CC(=O)N)CC(=O)O)CC3=CN=CN3)CC4=CC=CC=C4,CID000002283,bacitracin,2283
60871,CC(C)(C)C(=O)OCOP(=O)(COCCN1C=NC2=C(N=CN=C21)N)OCOC(=O)C(C)(C)C,CID000060871,adefovir dipivoxil,60871
60612,CC1=C(C(=CC=C1)[C@@H](C)C2=CN=CN2)C,CID000060612,dexmedetomidine,60612
5206,C(OC(C(F)(F)F)C(F)(F)F)F,CID000005206,sevoflurane,5206
4828,CC(C)NCC(COC1=CC=CC2=C1C=CN2)O,CID000004828,pindolol,4828
4932,CCCNCC(COC1=CC=CC=C1C(=O)CCC2=CC=CC=C2)O,CID000004932,propafenone,4932
1986,CC(=O)NC1=NN=C(S1)S(=O)(=O)N,CID000001986,acetazolamide,1986
4058,CCOC(=O)C1(CCN(CC1)C)C2=CC=CC=C2,CID000004058,meperidine,4058
4645,CC1(C2C(C3C(C(=O)C(=C(C3(C(=O)C2=C(C4=C1C=CC=C4O)O)O)O)C(=O)N)N(C)C)O)O,CID000004645,oxytetracycline,4645
2812,C1=CC=C(C=C1)C(C2=CC=CC=C2)(C3=CC=CC=C3Cl)N4C=CN=C4,CID000002812,clotrimazole,2812
3640,CC12CCC(=O)C=C1CCC3C2C(CC4(C3CCC4(C(=O)CO)O)C)O,CID000003640,cortisol,3640
3403,CC(C)N1C2=CC=CC=C2C(=C1C=CC(CC(CC(=O)O)O)O)C3=CC=C(C=C3)F,CID000003403,fluvastatin,3403
3962,CCC(C)C(=O)OC1CC(C=C2C1C(C(C=C2)C)CCC3CC(CC(=O)O3)O)C,CID000003962,lovastatin,3962
3877,C1C(OC(S1)CO)N2C=CC(=NC2=O)N,CID000003877,lamivudine,3877
3869,CC(CCC1=CC=CC=C1)NCC(C2=CC(=C(C=C2)O)C(=O)N)O,CID000003869,labetalol,3869
56339,C1=CC=C(C=C1)C2(C(=O)N(C(=O)N2)COP(=O)(O)O)C3=CC=CC=C3,CID000056339,fosphenytoin,56339
4873,[Cl-].[K+],CID000004873,KCl,4873
4411,CC(C)(C)NCC(COC1=CC=CC2=C1CC(C(C2)O)O)O,CID000004411,nadolol,4411
3690,C1CN(P(=O)(OC1)NCCCl)CCCl,CID000003690,ifosfamide,3690
41774,C[C@@H]1[C@H]([C@@H]([C@H]([C@H](O1)O[C@@H]2[C@H](O[C@@H]([C@@H]([C@H]2O)O)O[C@@H]3[C@H](OC([C@@H]([C@H]3O)O)O)CO)CO)O)O)N[C@H]4C=C([C@H]([C@@H]([C@H]4O)O)O)CO,CID000041774,acarbose,41774
4463,CC1=C2C(=NC=C1)N(C3=C(C=CC=N3)C(=O)N2)C4CC4,CID000004463,nevirapine,4463
4885,CCCNC1CCC2=C(C1)SC(=N2)N,CID000004885,pramipexole,4885
4510,C(C(CO[N+](=O)[O-])O[N+](=O)[O-])O[N+](=O)[O-],CID000004510,nitroglycerin,4510
4440,CNS(=O)(=O)CCC1=CC2=C(C=C1)NC=C2C3CCN(CC3)C,CID000004440,naratriptan,4440
148211,C1C[C@H]2CN(C(=O)C3=CC=CC(=C23)C1)[C@@H]4CN5CCC4CC5,CID000148211,palonosetron,148211
60147,CCOC1=CC=CC=C1OCCN[C@@H](C)CC2=CC(=C(C=C2)OC)S(=O)(=O)N,CID000060147,tamsulosin,60147
65027,CCCC1(CC(=C(C(=O)O1)C(CC)C2=CC(=CC=C2)NS(=O)(=O)C3=NC=C(C=C3)C(F)(F)F)O)CCC4=CC=CC=C4,CID000065027,tipranavir,65027
60696,CC(=O)O[C@H]1[C@H](CC2[C@@]1(CCC3C2CCC4[C@@]3(C[C@@H]([C@H](C4)O)N5CCOCC5)C)C)[N+]6(CCCC6)CC=C,CID000060696,rocuronium,60696
72938,CON=C1CN(CC1CN)C2=C(C=C3C(=O)C(=CN(C3=N2)C4CC4)C(=O)O)F,CID000072938,gemifloxacin,72938
1978,CCCC(=O)NC1=CC(=C(C=C1)OCC(CNC(C)C)O)C(=O)C,CID000001978,acebutolol,1978
41781,CC1=CC(=CC=C1)NC2=C(C=NC=C2)S(=O)(=O)NC(=O)NC(C)C,CID000041781,torasemide,41781
4594,CC1=CN=C(C(=C1OC)C)CS(=O)C2=NC3=C(N2)C=C(C=C3)OC,CID000004594,omeprazole,4594
2658,CON=C(C1=CC=CO1)C(=O)NC2C3N(C2=O)C(=C(CS3)COC(=O)N)C(=O)[O-],CID000002658,cefuroxime,2658
3749,CCCCC1=NC2(CCCC2)C(=O)N1CC3=CC=C(C=C3)C4=CC=CC=C4C5=NNN=N5,CID000003749,irbesartan,3749
2907,C1CNP(=O)(OC1)N(CCCl)CCCl,CID000002907,cyclophosphamide,2907
3062316,CC1=C(C(=CC=C1)Cl)NC(=O)C2=CN=C(S2)NC3=CC(=NC(=N3)C)N4CCN(CC4)CCO,CID003062316,dasatinib,3062316
3085017,C=CCN.C1C(O1)CCl,CID003085017,sevelamer,3085017
5245,C1=CC(=CN=C1)CC(O)(P(=O)(O)O)P(=O)(O)O,CID000005245,risedronate,5245
5412,CC1(C2CC3C(C(=O)C(=C(C3(C(=O)C2=C(C4=C1C=CC=C4O)O)O)O)C(=O)N)N(C)C)O,CID000005412,tetracycline,5412
4893,COC1=C(C=C2C(=C1)C(=NC(=N2)N3CCN(CC3)C(=O)C4=CC=CO4)N)OC,CID000004893,prazosin,4893
5311297,CC(C)(C1=CC=CC=C1CC[C@H](C2=CC=CC(=C2)/C=C/C3=NC4=C(C=CC(=C4)Cl)C=C3)S)O,CID005311297,montelukast,5311297
119,C(CC(=O)O)CN,CID000000119,GABA,119
3324,CC(=O)OCC(CCN1C=NC2=CN=C(N=C21)N)COC(=O)C,CID000003324,famciclovir,3324
5076,CC(C)C1=NC(=CS1)CN(C)C(=O)NC(C(C)C)C(=O)NC(CC2=CC=CC=C2)CC(C(CC3=CC=CC=C3)NC(=O)OCC4=CN=CS4)O,CID000005076,ritonavir,5076
5472,C1CN(CC2=C1SC=C2)CC3=CC=CC=C3Cl,CID000005472,ticlopidine,5472
772,CC(=O)NC1C(C(C(OC1O)COS(=O)(=O)O)OC2C(C(C(C(O2)C(=O)O)OC3C(C(C(C(O3)CO)OC4C(C(C(C(O4)C(=O)O)O)O)OS(=O)(=O)O)OS(=O)(=O)O)NS(=O)(=O)O)O)OS(=O)(=O)O)O,CID000000772,heparin,772
115237,CC1=C(C(=O)N2CCCC(C2=N1)O)CCN3CCC(CC3)C4=NOC5=C4C=CC(=C5)F,CID000115237,9-hydroxyrisperidone,115237
4909,CCC1(C(=O)NCNC1=O)C2=CC=CC=C2,CID000004909,primidone,4909
5212,CCCC1=NN(C2=C1N=C(NC2=O)C3=C(C=CC(=C3)S(=O)(=O)N4CCN(CC4)C)OCC)C,CID000005212,sildenafil,5212
2173,CC1(C(N2C(S1)C(C2=O)NC(=O)C(C3=CC=CC=C3)N)C(=O)[O-])C,CID000002173,ampicillin,2173
2215,CN1CCC2=C3C1CC4=C(C3=CC=C2)C(=C(C=C4)O)O,CID000002215,apomorphine,2215
2764,C1CC1N2C=C(C(=O)C3=CC(=C(C=C32)N4CCNCC4)F)C(=O)O,CID000002764,ciprofloxacin,2764
4173,CC1=NC=C(N1CCO)[N+](=O)[O-],CID000004173,metronidazole,4173
3198,C1=CC(=CC=C1COC(CN2C=CN=C2)C3=C(C=C(C=C3)Cl)Cl)Cl,CID000003198,econazole,3198
3724,CC(=O)N(CC(CN(C1=C(C(=C(C(=C1I)C(=O)NCC(CO)O)I)C(=O)NCC(CO)O)I)C(=O)C)O)C2=C(C(=C(C(=C2I)C(=O)NCC(CO)O)I)C(=O)NCC(CO)O)I,CID000003724,iodixanol,3724
5454,CN1CCN(CC1)CCC=C2C3=CC=CC=C3SC4=C2C=C(C=C4)S(=O)(=O)N(C)C,CID000005454,thiothixene,5454
3488,COC1=C(C=C(C=C1)Cl)C(=O)NCCC2=CC=C(C=C2)S(=O)(=O)NC(=O)NC3CCCCC3,CID000003488,glibenclamide,3488
4158,COC(=O)C(C1CCCCN1)C2=CC=CC=C2,CID000004158,methylphenidate,4158
119182,C1=NC2=C(N=C(N=C2N1[C@H]3[C@H]([C@@H]([C@H](O3)CO)O)F)Cl)N,CID000119182,clofarabine,119182
91270,CCOC(=O)[C@H](CCC1=CC=CC=C1)N[C@@H](C)C(=O)N2CC3=CC(=C(C=C3C[C@H]2C(=O)O)OC)OC,CID000091270,moexipril,91270
2576,CCCC(C)(COC(=O)N)COC(=O)NC(C)C,CID000002576,carisoprodol,2576
444033,CC(C)C(=O)OCC(=O)[C@@]12[C@@H](C[C@@H]3[C@@]1(C[C@@H]([C@H]4[C@H]3CCC5=CC(=O)C=C[C@]45C)O)C)OC(O2)C6CCCCC6,CID000444033,ciclesonide,444033
3750,CCC1=C2CN3C(=CC4=C(C3=O)COC(=O)C4(CC)O)C2=NC5=C1C=C(C=C5)OC(=O)N6CCC(CC6)N7CCCCC7,CID000003750,irinotecan,3750
4736,CC1C2CC3=C(C1(CCN2CC=C(C)C)C)C=C(C=C3)O,CID000004736,pentazocine,4736
110635,CN1CC(=O)N2[C@@H](C1=O)CC3=C([C@H]2C4=CC5=C(C=C4)OCO5)NC6=CC=CC=C36,CID000110635,tadalafil,110635
3958,C1=CC=C(C(=C1)C2=NC(C(=O)NC3=C2C=C(C=C3)Cl)O)Cl,CID000003958,lorazepam,3958
4536,CC12CCC3C(C1CCC2(C#C)O)CCC4=CC(=O)CCC34,CID000004536,norethisterone,4536
5394,CN1C(=O)N2C=NC(=C2N=N1)C(=O)N,CID000005394,temozolomide,5394
72054,C1CN(CC1C(C2=CC=CC=C2)(C3=CC=CC=C3)C(=O)N)CCC4=CC5=C(C=C4)OCC5,CID000072054,darifenacin,72054
3648,CN1CCC23C4C1CC5=C2C(=C(C=C5)O)OC3C(=O)CC4,CID000003648,hydromorphone,3648
2022,C1=NC2=C(N1COCCO)N=C(NC2=O)N,CID000002022,acyclovir,2022
47725,CC(C)CC(C(=O)NC(CCCN=C(N)N)C(=O)N1CCCC1C(=O)NNC(=O)N)NC(=O)C(COC(C)(C)C)NC(=O)C(CC2=CC=C(C=C2)O)NC(=O)C(CO)NC(=O)C(CC3=CNC4=CC=CC=C43)NC(=O)C(CC5=CN=CN5)NC(=O)C6CCC(=O)N6,CID000047725,goserelin,47725
508230,CC1=C2COC(=O)C2=C(C(=C1OC)CC(=O)O)O,CID000508230,mycophenolic acid,508230
2720,C1=C2C(=CC(=C1Cl)S(=O)(=O)N)S(=O)(=O)N=CN2,CID000002720,chlorothiazide,2720
4053,C1=CC(=CC=C1CC(C(=O)O)N)N(CCCl)CCCl,CID000004053,melphalan,4053
2405,CC(C)NCC(COC1=CC=C(C=C1)COCCOC(C)C)O,CID000002405,bisoprolol,2405
123606,CN(C)CCC1=CNC2=C1C=C(C=C2)CS(=O)(=O)N3CCCC3,CID000123606,almotriptan,123606
3911,CCNC(=O)C1CCCN1C(=O)C(CCCN=C(N)N)NC(=O)C(CC(C)C)NC(=O)C(CC(C)C)NC(=O)C(CC2=CC=C(C=C2)O)NC(=O)C(CO)NC(=O)C(CC3=CNC4=CC=CC=C43)NC(=O)C(CC5=CN=CN5)NC(=O)C6CCC(=O)N6,CID000003911,leuprolide acetate,3911
271,[Ca+2],CID000000271,calcium,271
2578,C(CCl)NC(=O)N(CCCl)N=O,CID000002578,BCNU,2578
3222,CCOC(=O)C(CCC1=CC=CC=C1)NC(C)C(=O)N2CCCC2C(=O)O,CID000003222,enalapril,3222
5650,CCCCC(=O)N(CC1=CC=C(C=C1)C2=CC=CC=C2C3=NNN=N3)C(C(C)C)C(=O)O,CID000005650,valsartan,5650
4539,CCN1C=C(C(=O)C2=CC(=C(C=C21)N3CCNCC3)F)C(=O)O,CID000004539,norfloxacin,4539
5426,C1CC(=O)NC(=O)C1N2C(=O)C3=CC=CC=C3C2=O,CID000005426,thalidomide,5426
2265,CN1C=NC(=C1SC2=NC=NC3=C2NC=N3)[N+](=O)[O-],CID000002265,azathioprine,2265
5732,CC1=CC=C(C=C1)C2=C(N3C=C(C=CC3=N2)C)CC(=O)N(C)C,CID000005732,zolpidem,5732
3446,C1CCC(CC1)(CC(=O)O)CN,CID000003446,gabapentin,3446
4425,C=CCN1CCC23C4C(=O)CCC2(C1CC5=C3C(=C(C=C5)O)O4)O,CID000004425,naloxone,4425
60831,C[N+]1(C2CC(CC1C3C2O3)OC(=O)C(C4=CC=CS4)(C5=CC=CS5)O)C,CID000060831,tiotropium,60831
5486,CCCCS(=O)(=O)NC(CC1=CC=C(C=C1)OCCCCC2CCNCC2)C(=O)O,CID000005486,tirofiban,5486
4107,COC1=CC=CC=C1OCC(COC(=O)N)O,CID000004107,methocarbamol,4107
2609,C1C(=C(N2C(S1)C(C2=O)NC(=O)C(C3=CC=CC=C3)N)C(=O)O)Cl,CID000002609,cefaclor,2609
60953,CCCCCOC(=O)NC1=NC(=O)N(C=C1F)[C@H]2[C@@H]([C@@H]([C@H](O2)C)O)O,CID000060953,capecitabine,60953
4428,C1CC1CN2CCC34C5C(=O)CCC3(C2CC6=C4C(=C(C=C6)O)O5)O,CID000004428,naltrexone,4428
3741,C(CO)N(C1=C(C(=C(C(=C1I)C(=O)NCC(CO)O)I)C(=O)NCC(CO)O)I)C(=O)CO,CID000003741,ioversol,3741
110634,CCCC1=NC(=C2N1N=C(NC2=O)C3=C(C=CC(=C3)S(=O)(=O)N4CCN(CC4)CC)OCC)C,CID000110634,vardenafil,110634
5717,CC1=CC=CC=C1S(=O)(=O)NC(=O)C2=CC(=C(C=C2)CC3=CN(C4=C3C=C(C=C4)NC(=O)OC5CCCC5)C)OC,CID000005717,zafirlukast,5717
4259,COC1=C2C(=CC(=C1N3CC4CCCNC4C3)F)C(=O)C(=CN2C5CC5)C(=O)O,CID000004259,moxifloxacin,4259
6691,CC(=O)CC(C1=CC=CC=C1)C2=C(C3=CC=CC=C3OC2=O)O,CID000006691,warfarin,6691
68844,CCN[C@H]1CN(S(=O)(=O)C2=C1C=C(S2)S(=O)(=O)N)CCCOC,CID000068844,brinzolamide,68844
3702,CC1CC2=CC=CC=C2N1NC(=O)C3=CC(=C(C=C3)Cl)S(=O)(=O)N,CID000003702,indapamide,3702
3964,CN1CCN(CC1)C2=NC3=CC=CC=C3OC4=C2C=C(C=C4)Cl,CID000003964,loxapine,3964
5514,CC1(OC2COC3(C(C2O1)OC(O3)(C)C)COS(=O)(=O)N)C,CID000005514,topiramate,5514
28112,[Li+].[AlH4-],CID000028112,lithium,28112
4485,CC1=C(C(C(=C(N1)C)C(=O)OC)C2=CC=CC=C2[N+](=O)[O-])C(=O)OC,CID000004485,nifedipine,4485
4168,CCN(CC)CCNC(=O)C1=CC(=C(C=C1OC)N)Cl,CID000004168,metoclopramide,4168
3042,CCN(CC)CCOC(=O)C1(CCCCC1)C2CCCCC2,CID000003042,dicyclomine,3042
667490,C1=NC2=C(N1)C(=S)N=CN2,CID000667490,mercaptopurine,667490
4889,CCC(C)C(=O)OC1CC(C=C2C1C(C(C=C2)C)CCC(CC(CC(=O)O)O)O)O,CID000004889,pravastatin,4889
3379,CC1(OC2CC3C4CC(C5=CC(=O)C=CC5(C4C(CC3(C2(O1)C(=O)CO)C)O)C)F)C,CID000003379,flunisolide,3379
47320,C[N+]1(CCC2=CC(=C(C=C2C1CC3=CC(=C(C=C3)OC)OC)OC)OC)CCC(=O)OCCCCCOC(=O)CC[N+]4(CCC5=CC(=C(C=C5C4CC6=CC(=C(C=C6)OC)OC)OC)OC)C.C1=CC=C(C=C1)S(=O)(=O)[O-].C1=CC=C(C=C1)S(=O)(=O)[O-],CID000047320,cisatracurium,47320
2250,CC(C)C1=C(C(=C(N1CCC(CC(CC(=O)O)O)O)C2=CC=C(C=C2)F)C3=CC=CC=C3)C(=O)NC4=CC=CC=C4,CID000002250,atorvastatin,2250
4212,C1=CC(=C2C(=C1NCCNCCO)C(=O)C3=C(C=CC(=C3C2=O)O)O)NCCNCCO,CID000004212,mitoxantrone,4212
3706,CC(C)(C)NC(=O)C1CN(CCN1CC(CC(CC2=CC=CC=C2)C(=O)NC3C(CC4=CC=CC=C34)O)O)CC5=CN=CC=C5,CID000003706,indinavir,3706
942,CN1CCCC1C2=CN=CC=C2,CID000000942,nicotine,942
3291,CCC1(CC(=O)NC1=O)C,CID000003291,ethosuximide,3291
119607,CC1=C(C(=NO1)C2=CC=CC=C2)C3=CC=C(C=C3)S(=O)(=O)N,CID000119607,valdecoxib,119607
160051,CCCCCCCCCCNCC=C.C[N+](C)(C)CCCCCCNCC=C.C=CCN.C1C(O1)CCl.Cl.[Cl-],CID000160051,colesevelam hydrochloride,160051
5064,C1=NC(=NN1C2C(C(C(O2)CO)O)O)C(=O)N,CID000005064,ribavirin,5064
4748,C1CN(CCN1CCCN2C3=CC=CC=C3SC4=C2C=C(C=C4)Cl)CCO,CID000004748,perphenazine,4748
2088,C(CC(O)(P(=O)(O)O)P(=O)(O)O)CN,CID000002088,alendronate,2088
123620,C[C@@H]1C[C@H]2C3CCC4=CC(=O)C=C[C@@]4([C@]3([C@H](C[C@@]2([C@]1(C(=O)CCl)O)C)O)Cl)C,CID000123620,mometasone,123620
3249,CC(C)C(C)C=CC(C)C1CCC2C1(CCCC2=CC=C3CC(CCC3=C)O)C,CID000003249,vitamin D,3249
54374,C[C@H]([C@@H](CO)NC(=O)C1CSSCC(C(=O)NC(C(=O)NC(C(=O)NC(C(=O)NC(C(=O)N1)C(C)O)CCCCN)CC2=CNC3=CC=CC=C32)CC4=CC=CC=C4)NC(=O)C(CC5=CC=CC=C5)N)O,CID000054374,octreotide,54374
2949,CC12CCC3C(C1CCC2(C#C)O)CCC4=CC5=C(CC34C)C=NO5,CID000002949,danazol,2949
170361,C1C2CNCC1C3=CC4=NC=CN=C4C=C23,CID000170361,varenicline,170361
150610,C[C@@H]1[C@@H]2[C@H](C(=O)N2C(=C1S[C@H]3C[C@H](NC3)C(=O)NC4=CC=CC(=C4)C(=O)O)C(=O)O)[C@@H](C)O,CID000150610,ertapenem,150610
2895,CN(C)CCC=C1C2=CC=CC=C2C=CC3=CC=CC=C31,CID000002895,cyclobenzaprine,2895
4730,CC1(C(N2C(S1)C(C2=O)NC(=O)COC3=CC=CC=C3)C(=O)[O-])C,CID000004730,penicillin V,4730
1134,CC1=CN(C(=O)NC1=O)C2CC(C(O2)CO)O,CID000001134,thymidine,1134
443871,CC(C)[C@H]1CCC[C@@H](C1)C(=O)N[C@H](CC2=CC=CC=C2)C(=O)O,CID000443871,nateglinide,443871
4264,CC(C1C(O1)CC2COC(C(C2O)O)CC(=CC(=O)OCCCCCCCCC(=O)O)C)C(C)O,CID000004264,mupirocin,4264
5311039,CCC(C)CC(C)CCCCCCCCC(=O)N[C@H]1C[C@H]([C@H](NC(=O)[C@@H]2CCCN2C(=O)[C@@H](NC(=O)[C@@H](NC(=O)[C@@H]3C[C@H](CN3C(=O)[C@@H](NC1=O)[C@@H](C)O)O)[C@@H]([C@H](C4=CC=C(C=C4)O)O)O)[C@@H](CCN)O)NCCN)O,CID005311039,caspofungin,5311039
3348,CC(C)(C1=CC=C(C=C1)C(CCCN2CCC(CC2)C(C3=CC=CC=C3)(C4=CC=CC=C4)O)O)C(=O)O,CID000003348,fexofenadine,3348
2171,CC1(C(N2C(S1)C(C2=O)NC(=O)C(C3=CC=C(C=C3)O)N)C(=O)O)C,CID000002171,amoxicillin,2171
3928,CCCC1CC(N(C1)C)C(=O)NC(C2C(C(C(C(O2)SC)O)O)O)C(C)O,CID000003928,lincomycin,3928
3382,CC(=O)OCC(=O)C12C(CC3C1(CC(C4(C3CC(C5=CC(=O)C=CC54C)F)F)O)C)OC(O2)(C)C,CID000003382,fluocinonide,3382
3333,CCOC(=O)C1=C(NC(=C(C1C2=C(C(=CC=C2)Cl)Cl)C(=O)OC)C)C,CID000003333,felodipine,3333
2477,C1CCC2(C1)CC(=O)N(C(=O)C2)CCCCN3CCN(CC3)C4=NC=CC=N4,CID000002477,buspirone,2477
3385,C1=C(C(=O)NC(=O)N1)F,CID000003385,5-fluorouracil,3385
5281007,CN(C)N=NC1=C(NC=N1)C(=O)N,CID005281007,dacarbazine,5281007
4943,CC(C)C1=C(C(=CC=C1)C(C)C)O,CID000004943,propofol,4943
6398970,C=CC1=C(N2[C@@H]([C@@H](C2=O)NC(=O)C(=NO)C3=CSC(=N3)N)SC1)C(=O)O,CID006398970,cefdinir,6398970
5203,CNC1CCC(C2=CC=CC=C12)C3=CC(=C(C=C3)Cl)Cl,CID000005203,sertraline,5203
54786,CCCCC[C@H](CC[C@@H]1[C@H](C[C@@H]2[C@H]1CC3=C(C2)C(=CC=C3)OCC(=O)O)O)O,CID000054786,treprostinil,54786
3793,CCC(C)N1C(=O)N(C=N1)C2=CC=C(C=C2)N3CCN(CC3)C4=CC=C(C=C4)OCC5COC(O5)(CN6C=NC=N6)C7=C(C=C(C=C7)Cl)Cl,CID000003793,itraconazole,3793
2713,C1=CC(=CC=C1NC(=NC(=NCCCCCCN=C(N)N=C(N)NC2=CC=C(C=C2)Cl)N)N)Cl,CID000002713,chlorhexidine,2713
5352,CC1=C(C2=C(C1=CC3=CC=C(C=C3)S(=O)C)C=CC(=C2)F)CC(=O)O,CID000005352,sulindac,5352
598,C(CS(=O)(=O)O)S,CID000000598,mesna,598
5035,C1CCN(CC1)CCOC2=CC=C(C=C2)C(=O)C3=C(SC4=C3C=CC(=C4)O)C5=CC=C(C=C5)O,CID000005035,raloxifene,5035
3510,CN1C2CCCC1CC(C2)NC(=O)C3=NN(C4=CC=CC=C43)C,CID000003510,granisetron,3510
2909,CCC1C(=O)N(CC(=O)N(C(C(=O)NC(C(=O)N(C(C(=O)NC(C(=O)NC(C(=O)N(C(C(=O)N(C(C(=O)N(C(C(=O)N(C(C(=O)N1)C(C(C)CC=CC)O)C)C(C)C)C)CC(C)C)C)CC(C)C)C)C)C)CC(C)C)C)C(C)C)CC(C)C)C)C,CID000002909,cyclosporine,2909
3168,C1CN(CC=C1N2C3=CC=CC=C3NC2=O)CCCC(=O)C4=CC=C(C=C4)F,CID000003168,droperidol,3168
82146,CC1=CC2=C(C=C1C(=C)C3=CC=C(C=C3)C(=O)O)C(CCC2(C)C)(C)C,CID000082146,bexarotene,82146
2142,C1C(C(C(C(C1NC(=O)C(CCN)O)OC2C(C(C(C(O2)CO)O)N)O)O)OC3C(C(C(C(O3)CN)O)O)O)N,CID000002142,amikacin,2142
54841,CC1=CC=CC=C1O[C@H](CCNC)C2=CC=CC=C2,CID000054841,atomoxetine,54841
5645,CC(CCC(=O)O)C1CCC2C1(CCC3C2C(CC4C3(CCC(C4)O)C)O)C,CID000005645,ursodeoxycholic acid,5645
151165,CC(C1=CC(=CC(=C1)C(F)(F)F)C(F)(F)F)OC2C(N(CCO2)CC3=NNC(=O)N3)C4=CC=C(C=C4)F,CID000151165,aprepitant,151165
4140,CCC(CO)NC(=O)C1CN(C2CC3=CNC4=CC=CC(=C34)C2=C1)C,CID000004140,methylergometrine,4140
5771,CCC(C)C1C(=O)NC(C(=O)NC(C(=O)NC(CSSCC(C(=O)NC(C(=O)N1)CC2=CC=C(C=C2)O)N)C(=O)N3CCCC3C(=O)NC(CC(C)C)C(=O)NCC(=O)N)CC(=O)N)CCC(=O)N,CID000005771,synthetic oxytocin,5771
3878,C1=CC(=C(C(=C1)Cl)Cl)C2=C(N=C(N=N2)N)N,CID000003878,lamotrigine,3878
27991,C1CC(N(C1)C(=O)C2CSSCCC(=O)NC(C(=O)NC(C(=O)NC(C(=O)NC(C(=O)N2)CC(=O)N)CCC(=O)N)CC3=CC=CC=C3)CC4=CC=C(C=C4)O)C(=O)NC(CCCN=C(N)N)C(=O)NCC(=O)N,CID000027991,DDAVP,27991
56959,CC1=C(C(=CC=C1)C)NC(=O)CN2CCN(CC2)CC(COC3=CC=CC=C3OC)O,CID000056959,ranolazine,56959
4691,C1CNCC(C1C2=CC=C(C=C2)F)COC3=CC4=C(C=C3)OCO4,CID000004691,paroxetine,4691
5556,CC1=NN=C2N1C3=C(C=C(C=C3)Cl)C(=NC2)C4=CC=CC=C4Cl,CID000005556,triazolam,5556
27661,C1[C@@H]([C@@H]2[C@H](O1)[C@@H](CO2)O[N+](=O)[O-])O,CID000027661,isosorbide-5-mononitrate,27661
4513,CNC(=C[N+](=O)[O-])NCCSCC1=CSC(=N1)CN(C)C,CID000004513,nizatidine,4513
2666,CC1=C(N2C(C(C2=O)NC(=O)C(C3=CC=CC=C3)N)SC1)C(=O)O,CID000002666,cephalexin,2666
60164,COC1=C(C=C(C=C1)C2=CC3=C(C=C2)C=C(C=C3)C(=O)O)C45CC6CC(C4)CC(C6)C5,CID000060164,adapalene,60164
60854,C1CN(CCN1CCC2=C(C=C3C(=C2)CC(=O)N3)Cl)C4=NSC5=CC=CC=C54,CID000060854,ziprasidone,60854
3715,CC1=C(C2=C(N1C(=O)C3=CC=C(C=C3)Cl)C=CC(=C2)OC)CC(=O)O,CID000003715,indomethacin,3715
3767,C1=CN=CC=C1C(=O)NN,CID000003767,isoniazid,3767
853,C1=C(C=C(C(=C1I)OC2=CC(=C(C(=C2)I)O)I)I)CC(C(=O)O)N,CID000000853,thyroxine,853
3463,CC1=CC(=C(C=C1)C)OCCCC(C)(C)C(=O)O,CID000003463,gemfibrozil,3463
3414,C(=O)([O-])P(=O)([O-])[O-],CID000003414,foscarnet,3414
2973,CC(=O)N(CCCCCNC(=O)CCC(=O)N(CCCCCNC(=O)CCC(=O)N(CCCCCN)O)O)O,CID000002973,desferrioxamine,2973
143,C1C(N(C2=C(N1)N=C(NC2=O)N)C=O)CNC3=CC=C(C=C3)C(=O)NC(CCC(=O)O)C(=O)O,CID000000143,leucovorin,143
4599,CCCCCCCCCCCC(CC1C(C(=O)O1)CCCCCC)OC(=O)C(CC(C)C)NC=O,CID000004599,orlistat,4599
4178,CC1=C(C(=CC=C1)C)OCC(C)N,CID000004178,mexiletine,4178
298,C1=CC(=CC=C1C(C(CO)NC(=O)C(Cl)Cl)O)[N+](=O)[O-],CID000000298,chloramphenicol,298
4834,CCN1CCN(C(=O)C1=O)C(=O)NC(C2=CC=CC=C2)C(=O)NC3C4N(C3=O)C(C(S4)(C)C)C(=O)[O-],CID000004834,piperacillin,4834
4054,CC12CC3CC(C1)(CC(C3)(C2)N)C,CID000004054,memantine,4054
5038,CCOC(=O)C(CCC1=CC=CC=C1)NC(C)C(=O)N2C3CCCC3CC2C(=O)O,CID000005038,ramipril,5038
3154,CCNC1CC(S(=O)(=O)C2=C1C=C(S2)S(=O)(=O)N)C,CID000003154,Ets,3154
71616,C[C@@H](C1=NC=NC=C1F)[C@](CN2C=NC=N2)(C3=C(C=C(C=C3)F)F)O,CID000071616,voriconazole,71616
148192,CC(C)(C)[C@@H](C(=O)N[C@@H](CC1=CC=CC=C1)[C@H](CN(CC2=CC=C(C=C2)C3=CC=CC=N3)NC(=O)[C@H](C(C)(C)C)NC(=O)OC)O)NC(=O)OC,CID000148192,atazanavir,148192
3108,C1CCN(CC1)C2=NC(=NC3=C2N=C(N=C3N4CCCCC4)N(CCO)CCO)N(CCO)CCO,CID000003108,dipyridamole,3108
4409,CC(=O)CCC1=CC2=C(C=C1)C=C(C=C2)OC,CID000004409,nabumetone,4409
3454,C1=NC2=C(N1COC(CO)CO)N=C(NC2=O)N,CID000003454,ganciclovir,3454
3657,C(=O)(N)NO,CID000003657,hydroxyurea,3657
4607,CC1=C(C(=NO1)C2=CC=CC=C2)C(=O)NC3C4N(C3=O)C(C(S4)(C)C)C(=O)[O-],CID000004607,oxacillin,4607
4543,CNCCC=C1C2=CC=CC=C2CCC3=CC=CC=C31,CID000004543,nortriptyline,4543
123631,COC1=C(C=C2C(=C1)N=CN=C2NC3=CC(=C(C=C3)F)Cl)OCCCN4CCOCC4,CID000123631,gefitinib,123631
2995,CNCCCN1C2=CC=CC=C2CCC3=CC=CC=C31,CID000002995,desipramine,2995
4946,CC(C)NCC(COC1=CC=CC2=CC=CC=C21)O,CID000004946,propranolol,4946
2462,CCCC1OC2CC3C4CCC5=CC(=O)C=CC5(C4C(CC3(C2(O1)C(=O)CO)C)O)C,CID000002462,budesonide,2462
3008,CN1CCC23CCCCC2C1CC4=C3C=C(C=C4)OC,CID000003008,dextromethorphan,3008
54808,CCOC(=O)O[C@@]1(CCC2[C@@]1(C[C@@H](C3C2CCC4=CC(=O)C=C[C@]34C)O)C)C(=O)OCCl,CID000054808,loteprednol etabonate,54808
3007,CC(CC1=CC=CC=C1)N,CID000003007,amphetamine,3007
65999,CCCC1=NC2=C(N1CC3=CC=C(C=C3)C4=CC=CC=C4C(=O)O)C=C(C=C2C)C5=NC6=CC=CC=C6N5C,CID000065999,telmisartan,65999
596,C1=CN(C(=O)N=C1N)C2C(C(C(O2)CO)O)O,CID000000596,cytosine arabinoside,596
4679,COC1=C(C(=NC=C1)CS(=O)C2=NC3=C(N2)C=C(C=C3)OC(F)F)OC,CID000004679,pantoprazole,4679
3468412,CC1C=CC=CCCC=CC=CC=CC=CC(CC(C(C(CC(=O)CC(C(CCC(CC(CC(CC(=O)OC(C(C1O)C)C)O)O)O)O)O)O)C(=O)O)O)OC2C(C(C(C(O2)C)O)N)O,CID003468412,nystatin,3468412
158,CCCCCC(C=CC1C(CC(=O)C1CC=CCCCC(=O)O)O)O,CID000000158,PGE2,158
3734,CC(C(=O)NC1=C(C(=C(C(=C1I)C(=O)NC(CO)CO)I)C(=O)NC(CO)CO)I)O,CID000003734,iopamidol,3734
2524,CC(CCCC(C)(C)O)C1CCC2C1(CCCC2=CC=C3CC(CC(C3=C)O)O)C,CID000002524,calcitriol,2524
3345,CCC(=O)N(C1CCN(CC1)CCC2=CC=CC=C2)C3=CC=CC=C3,CID000003345,fentanyl,3345
1690,CC1C(C(CC(O1)OC2CC(CC3=C2C(=C4C(=C3O)C(=O)C5=C(C4=O)C(=CC=C5)OC)O)(C(=O)CO)O)[NH3+])O,CID000001690,doxorubicin,1690
2719,CCN(CC)CCCC(C)NC1=C2C=CC(=CC2=NC=C1)Cl,CID000002719,chloroquine,2719
5090,CS(=O)(=O)C1=CC=C(C=C1)C2=C(C(=O)OC2)C3=CC=CC=C3,CID000005090,rofecoxib,5090
60198,C[C@]12CC[C@H]3[C@H]([C@@H]1CCC2=O)CC(=C)C4=CC(=O)C=C[C@]34C,CID000060198,exemestane,60198
2749,CC1=CC(=O)N(C(=C1)C2CCCCC2)O,CID000002749,ciclopirox,2749
3152,COC1=C(C=C2C(=C1)CC(C2=O)CC3CCN(CC3)CC4=CC=CC=C4)OC,CID000003152,donepezil,3152
3405,C1=CC(=CC=C1C(=O)NC(CCC(=O)O)C(=O)O)NCC2=CN=C3C(=N2)C(=O)NC(=N3)N,CID000003405,folate,3405
2732,C1=CC=C2C(=C1)C(=O)NC2(C3=CC(=C(C=C3)Cl)S(=O)(=O)N)O,CID000002732,chlorthalidone,2732
3339,CC(C)OC(=O)C(C)(C)OC1=CC=C(C=C1)C(=O)C2=CC=C(C=C2)Cl,CID000003339,fenofibrate,3339
125017,CN(C)CC(C1=CC=C(C=C1)O)C2(CCCCC2)O,CID000125017,O-desmethylvenlafaxine,125017
60787,CC(C)(C)NC(=O)[C@@H]1CC2CCCCC2CN1C[C@H]([C@H](CC3=CC=CC=C3)NC(=O)[C@H](CC(=O)N)NC(=O)C4=NC5=CC=CC=C5C=C4)O,CID000060787,saquinavir,60787
2610,CC1=C(N2C(C(C2=O)NC(=O)C(C3=CC=C(C=C3)O)N)SC1)C(=O)O,CID000002610,cefadroxil,2610
2656,CN1C(=NC(=O)C(=N1)[O-])SCC2=C(N3C(C(C3=O)NC(=O)C(=NOC)C4=CSC(=N4)N)SC2)C(=O)[O-],CID000002656,ceftriaxone,2656
581,CC(=O)NC(CS)C(=O)O,CID000000581,N-acetylcysteine,581
3410,CC(CC1=CC=C(C=C1)OC)NCC(C2=CC(=C(C=C2)O)NC=O)O,CID000003410,formoterol,3410
36811,CC(CCC1=CC=C(C=C1)O)NCCC2=CC(=C(C=C2)O)O,CID000036811,dobutamine,36811
5297,CC1C(C(C(O1)OC2C(C(C(C(C2O)O)N=C(N)N)O)N=C(N)N)OC3C(C(C(C(O3)CO)O)O)NC)(C=O)O,CID000005297,streptomycin,5297
4449,CCC1=NN(C(=O)N1CCOC2=CC=CC=C2)CCCN3CCN(CC3)C4=CC(=CC=C4)Cl,CID000004449,nefazodone,4449
77992,CN[C@@H]1CCC2=C(C1)C3=C(N2)C=CC(=C3)C(=O)N,CID000077992,frovatriptan,77992
2284,C1=CC(=CC=C1C(CC(=O)O)CN)Cl,CID000002284,baclofen,2284
2541,CCOC1=NC2=CC=CC(=C2N1CC3=CC=C(C=C3)C4=CC=CC=C4C5=NNN=N5)C(=O)O,CID000002541,candesartan,2541
176870,COCCOC1=C(C=C2C(=C1)C(=NC=N2)NC3=CC=CC(=C3)C#C)OCCOC,CID000176870,erlotinib,176870
3780,C1C(C2C(O1)C(CO2)O[N+](=O)[O-])O[N+](=O)[O-],CID000003780,isosorbide dinitrate,3780
2478,CS(=O)(=O)OCCCCOS(=O)(=O)C,CID000002478,busulfan,2478
3373,CCOC(=O)C1=C2CN(C(=O)C3=C(N2C=N1)C=CC(=C3)F)C,CID000003373,flumazenil,3373
5878,C[C@]12CC[C@H]3[C@H]([C@@H]1CC[C@]2(C)O)CC[C@@H]4[C@@]3(COC(=O)C4)C,CID000005878,oxandrolone,5878
27686,C1=CC2=C(C(=C1)OCC(COC3=CC4=C(C=C3)OC(=CC4=O)C(=O)O)O)C(=O)C=C(O2)C(=O)O,CID000027686,cromolyn,27686
54454,CCC(C)(C)C(=O)O[C@H]1C[C@H](C=C2[C@H]1[C@H]([C@H](C=C2)C)CC[C@@H]3C[C@H](CC(=O)O3)O)C,CID000054454,simvastatin,54454
2232,CC1CCN(C(C1)C(=O)O)C(=O)C(CCCN=C(N)N)NS(=O)(=O)C2=CC=CC3=C2NCC(C3)C,CID000002232,argatroban,2232
2375,CC(CS(=O)(=O)C1=CC=C(C=C1)F)(C(=O)NC2=CC(=C(C=C2)C#N)C(F)(F)F)O,CID000002375,bicalutamide,2375
2162,CCOC(=O)C1=C(NC(=C(C1C2=CC=CC=C2Cl)C(=O)OC)C)COCCN,CID000002162,amlodipine,2162
3440,C1=COC(=C1)CNC2=CC(=C(C=C2C(=O)O)S(=O)(=O)N)Cl,CID000003440,furosemide,3440
4075,C1=CC(=C(C=C1N)C(=O)O)O,CID000004075,5-aminosalicylic acid,4075
2349,CC1(C(N2C(S1)C(C2=O)NC(=O)CC3=CC=CC=C3)C(=O)O)C,CID000002349,penicillin G,2349
3957,CCOC(=O)N1CCC(=C2C3=C(CCC4=C2N=CC=C4)C=C(C=C3)Cl)CC1,CID000003957,loratadine,3957
3419,CCC(=O)OC(C(C)C)OP(=O)(CCCCC1=CC=CC=C1)CC(=O)N2CC(CC2C(=O)[O-])C3CCCCC3,CID000003419,fosinopril,3419
2662,CC1=CC=C(C=C1)C2=CC(=NN2C3=CC=C(C=C3)S(=O)(=O)N)C(F)(F)F,CID000002662,celecoxib,2662
3914,CC(C)(C)NCC(COC1=CC=CC2=C1CCCC2=O)O,CID000003914,levobunolol,3914
5515,CCC1(C2=C(COC1=O)C(=O)N3CC4=CC5=C(C=CC(=C5CN(C)C)O)N=C4C3=C2)O,CID000005515,topotecan,5515
2099,CC1=C(N=CN1)CN2CCC3=C(C2=O)C4=CC=CC=C4N3C,CID000002099,alosetron,2099
2519,CN1C=NC2=C1C(=O)N(C(=O)N2C)C,CID000002519,caffeine,2519
124087,C1CC2=C(C=CC(=C2)Cl)C(=C3CCNCC3)C4=C1C=CC=N4,CID000124087,desloratadine,124087
60843,C1=CC(=CC=C1CCC2=CNC3=C2C(=O)NC(=N3)N)C(=O)NC(CCC(=O)O)C(=O)O,CID000060843,pemetrexed,60843
3355,C1CCNC(C1)C[NH2+]C(=O)C2=C(C=CC(=C2)OCC(F)(F)F)OCC(F)(F)F,CID000003355,flecainide,3355
71158,CC(=O)NCCCS(=O)(=O)O,CID000071158,acamprosate,71158
5362420,CC1=C(C2=CC3=NC(=CC4=C(C(=C(N4)C=C5[C@@]6([C@@H](C(=CC=C6C(=N5)C=C1N2)C(=O)OC)C(=O)OC)C)C)CCC(=O)OC)C(=C3C)CCC(=O)O)C=C,CID005362420,verteporfin,5362420
2646,CC=CC1=C(N2C(C(C2=O)NC(=O)C(C3=CC=C(C=C3)O)N)SC1)C(=O)O,CID000002646,cefprozil,2646
10631,C[C@H]1C[C@@H]2[C@H](CC[C@]3([C@H]2CC[C@@]3(C(=O)C)O)C)[C@@]4(C1=CC(=O)CC4)C,CID000010631,medroxyprogesterone,10631
5402,CC(C)(C)C#CC=CCN(C)CC1=CC=CC2=CC=CC=C21,CID000005402,terbinafine,5402
2637,COC1(C2N(C1=O)C(=C(CS2)COC(=O)N)C(=O)[O-])NC(=O)CC3=CC=CS3,CID000002637,cefoxitin,2637
2585,COC1=CC=CC=C1OCCNCC(COC2=CC=CC3=C2C4=CC=CC=C4N3)O,CID000002585,carvedilol,2585
214,CCCCCC(C=CC1C(CC(=O)C1CCCCCCC(=O)O)O)O,CID000000214,prostaglandin E1,214
3384,CC1CC2C3CCC(C3(CC(C2(C4(C1=CC(=O)C=C4)C)F)O)C)(C(=O)C)O,CID000003384,fluorometholone,3384
4046,C1CCNC(C1)C(C2=CC(=NC3=C2C=CC=C3C(F)(F)F)C(F)(F)F)O,CID000004046,mefloquine,4046
6447131,CC[C@@H]1/C=C(\C[C@@H](C[C@@H]([C@@H]2[C@H](C[C@H]([C@@](O2)(C(=O)C(=O)N3CCCC[C@H]3C(=O)O[C@@H]([C@@H]([C@H](CC1=O)O)C)/C(=C/[C@@H]4CC[C@@H]([C@@H](C4)OC)Cl)/C)O)C)OC)OC)C)/C,CID006447131,pimecrolimus,6447131
39860,CCCCCCC(C)(C)C1=CC(=C2C3CC(=O)CCC3C(OC2=C1)(C)C)O,CID000039860,nabilone,39860
153941,C=C1C(CC(C1CO)O)N2C=NC3=C2N=C(NC3=O)N,CID000153941,ETV,153941
444013,COCCNC(=O)CN(CCN(CCN(CC(=O)NCCOC)CC(=O)[O-])CC(=O)[O-])CC(=O)[O-].[Gd+3],CID000444013,gadoversetamide,444013
4920,CC(=O)C1CCC2C1(CCC3C2CCC4=CC(=O)CCC34C)C,CID000004920,progesterone,4920
3676,CCN(CC)CC(=O)NC1=C(C=CC=C1C)C,CID000003676,lidocaine,3676
16231,C1(=C(N=C(C(=N1)Cl)N)N)C(=O)N=C(N)N,CID000016231,amiloride,16231
3397,CC(C)C(=O)NC1=CC(=C(C=C1)[N+](=O)[O-])C(F)(F)F,CID000003397,flutamide,3397
4211,C1=CC=C(C(=C1)C(C2=CC=C(C=C2)Cl)C(Cl)Cl)Cl,CID000004211,mitotane,4211
3516,COC1=CC=CC=C1OCC(CO)O,CID000003516,GGG,3516
62924,C[C@@H]1C[C@H]2C3C[C@@H](C4=CC(=O)C=C[C@@]4([C@]3([C@H](C[C@@]2([C@]1(C(=O)SCF)O)C)O)F)C)F,CID000062924,fluticasone,62924
4739,C1C(C(OC1N2C=NC3=C2NC=NCC3O)CO)O,CID000004739,DCF,4739
4064,CCCC(C)(COC(=O)N)COC(=O)N,CID000004064,meprobamate,4064
504578,C1C[C@H]([C@@H]([C@H]([C@@H]1N)O)O[C@H]2[C@@H]([C@@H]([C@H](O2)CO)O[C@@H]3[C@@H]([C@H]([C@@H]([C@@H](O3)CN)O)O)N)O)O[C@H]4C[C@@H]([C@H]([C@@H]([C@H]4N)O)O)CN,CID000504578,neomycin,504578
197712,CC1=CC(=NC(=N1)OC(C(=O)O)C(C2=CC=CC=C2)(C3=CC=CC=C3)OC)C,CID000197712,ambrisentan,197712
1775,C1=CC=C(C=C1)C2(C(=O)NC(=O)N2)C3=CC=CC=C3,CID000001775,phenytoin,1775
1071,CC1=C(C(CCC1)(C)C)C=CC(=CC=CC(=CCO)C)C,CID000001071,vitamin A,1071
5496,C1C(C(C(C(C1N)OC2C(C(C(C(O2)CO)O)N)O)O)OC3C(CC(C(O3)CN)O)N)N,CID000005496,tobramycin,5496
150310,C[C@]12CCC(=O)C=C1C[C@H](C3[C@]24C(O4)C[C@]5([C@H]3CC[C@@]56CCC(=O)O6)C)C(=O)OC,CID000150310,eplerenone,150310
3637,C1=CC=C2C(=C1)C=NN=C2NN,CID000003637,hydralazine,3637
4659569,CC1=CC=C(C=C1)C(=O)C2=CC(=C(C(=C2)O)O)[N+](=O)[O-],CID004659569,tolcapone,4659569
5487301,CCCCCN=C(N)NN=CC1=CNC2=C1C=C(C=C2)OC,CID005487301,tegaserod,5487301
3826,C1CN2C(=CC=C2C(=O)C3=CC=CC=C3)C1C(=O)O,CID000003826,ketorolac,3826
2802,C1C(=O)NC2=C(C=C(C=C2)[N+](=O)[O-])C(=N1)C3=CC=CC=C3Cl,CID000002802,clonazepam,2802
861,C1=CC(=C(C=C1OC2=C(C=C(C=C2I)CC(C(=O)O)N)I)I)O,CID000000861,triiodothyronine,861
2266,C(CCCC(=O)O)CCCC(=O)O,CID000002266,azelaic acid,2266
5362070,C1=CC(=CC=C1C(=O)NCCC(=O)O)N=NC2=CC(=C(C=C2)O)C(=O)O,CID005362070,balsalazide,5362070
5596,C1CC[N+]2(C1)C3CCC2CC(C3)OC(=O)C(C4=CC=CC=C4)(C5=CC=CC=C5)O,CID000005596,trospium chloride,5596
5584,CC(CN1C2=CC=CC=C2CCC3=CC=CC=C31)CN(C)C,CID000005584,trimipramine,5584
3066,CC1(C(=O)N2C(C(=O)N3CCCC3C2(O1)O)CC4=CC=CC=C4)NC(=O)C5CC6C(CC7=CNC8=CC=CC6=C78)N(C5)C,CID000003066,dihydroergotamine,3066
5512,CC1=CC(=C(C=C1)O)C(CCN(C(C)C)C(C)C)C2=CC=CC=C2,CID000005512,tolterodine,5512
3157,COC1=C(C=C2C(=C1)C(=NC(=N2)N3CCN(CC3)C(=O)C4COC5=CC=CC=C5O4)N)OC,CID000003157,doxazosin,3157
5523,CN(C)CC1CCCCC1(C2=CC(=CC=C2)OC)O,CID000005523,tramadol,5523
2476,CC(C)(C)C(C)(C1CC23CCC1(C4C25CCN(C3CC6=C5C(=C(C=C6)O)O4)CC7CC7)OC)O,CID000002476,buprenorphine,2476
3763,C(C(F)(F)F)(OC(F)F)Cl,CID000003763,isoflurane,3763
4171,CC(C)NCC(COC1=CC=C(C=C1)CCOC)O,CID000004171,metoprolol,4171
3117,CCN(CC)C(=S)SSC(=S)N(CC)CC,CID000003117,disulfiram,3117
4634,CCN(CC)CC#CCOC(=O)C(C1CCCCC1)(C2=CC=CC=C2)O,CID000004634,oxybutynin,4634
8953,C(=O)(O)[O-].[Na+],CID000008953,sodium bicarbonate,8953
5735,CN1CCN(CC1)C(=O)OC2C3=NC=CN=C3C(=O)N2C4=NC=C(C=C4)Cl,CID000005735,zopiclone,5735
1972,CC1C=CC=CC=CC=CC=CC=CC=CC(CC2C(C(CC(O2)(CC(CC(C(CCC(CC(CC(=O)OC(C(C1O)C)C)O)O)O)O)O)O)O)C(=O)O)OC3C(C(C(C(O3)C)O)N)O,CID000001972,amphotericin B,1972
3461,C1=CN(C(=O)N=C1N)C2C(C(C(O2)CO)O)(F)F,CID000003461,gemcitabine,3461
5311048,C(N)(N)(Cl)Cl,CID005311048,cisplatin,5311048
657298,CCCC1=CC(=O)NC(=S)N1,CID000657298,propylthiouracil,657298
2978,CCCCCC1=CC(=C2C3C=C(CCC3C(OC2=C1)(C)C)C)O,CID000002978,delta 9-tetrahydrocannabinol,2978
131536,CC(C)CN(C[C@H]([C@H](CC1=CC=CC=C1)NC(=O)O[C@H]2CCOC2)OP(=O)(O)O)S(=O)(=O)C3=CC=C(C=C3)N,CID000131536,fosamprenavir,131536
2800,CCN(CC)CCOC1=CC=C(C=C1)C(=C(C2=CC=CC=C2)Cl)C3=CC=CC=C3,CID000002800,clomiphene citrate,2800
51263,CCC(=O)N(C1=CC=CC=C1)C2(CCN(CC2)CCN3C(=O)N(N=N3)CC)COC,CID000051263,alfentanil,51263
3639,C1NC2=CC(=C(C=C2S(=O)(=O)N1)S(=O)(=O)N)Cl,CID000003639,hydrochlorothiazide,3639
5234,[Na+].[Cl-],CID000005234,NaCl,5234
4034,CC1=CC(=CC=C1)CN2CCN(CC2)C(C3=CC=CC=C3)C4=CC=C(C=C4)Cl,CID000004034,monamine,4034
3121,CCCC(CCC)C(=O)O,CID000003121,valproic acid,3121
2153,CN1C2=C(C(=O)N(C1=O)C)NC=N2,CID000002153,theophylline,2153
5070,C1=CC2=C(C=C1OC(F)(F)F)SC(=N2)N,CID000005070,riluzole,5070
3823,CC(=O)N1CCN(CC1)C2=CC=C(C=C2)OCC3COC(O3)(CN4C=CN=C4)C5=C(C=C(C=C5)Cl)Cl,CID000003823,ketoconazole,3823
152945,C[C@]12CCC3[C@H]([C@@H]1CC[C@@H]2C(=O)NC4=C(C=CC(=C4)C(F)(F)F)C(F)(F)F)CC[C@@H]5[C@@]3(C=CC(=O)N5)C,CID000152945,dutasteride,152945
130881,CCCC1=NC(=C(N1CC2=CC=C(C=C2)C3=CC=CC=C3C4=NNN=N4)C(=O)OCC5=C(OC(=O)O5)C)C(C)(C)O,CID000130881,olmesartan medoxomil,130881
444,CC(C(=O)C1=CC(=CC=C1)Cl)NC(C)(C)C,CID000000444,bupropion,444
24486,O.O.O.O.O.O.[Cl-].[Cl-].[Ca+2],CID000024486,calcium chloride,24486
5746,CC1=C(C(=O)C2=C(C1=O)N3C[C@H]4[C@@H]([C@@]3([C@@H]2COC(=O)N)OC)N4)N,CID000005746,mitomycin C,5746
12536,CC1(O[C@@H]2C[C@H]3C4CCC5=CC(=O)C=CC5([C@H]4C(CC3([C@@]2(O1)C(=O)CO)C)O)C)C,CID000012536,apolar,12536
4159,CC1CC2C3CCC(C3(CC(C2C4(C1=CC(=O)C=C4)C)O)C)(C(=O)CO)O,CID000004159,methylprednisolone,4159
38904,C1CC(C1)(C(=O)O)C(=O)O.N.N.[Pt],CID000038904,carboplatin,38904
5453,C1CN1P(=S)(N2CC2)N3CC3,CID000005453,thiotepa,5453
5078,CN(C)CCC1=CNC2=C1C=C(C=C2)CN3C=NC=N3,CID000005078,rizatriptan,5078
48175,CCC(=O)O[C@@]1([C@H](CC2C1(CC([C@]3(C2C[C@@H](C4=CC(=O)C=CC43C)F)F)O)C)C)C(=O)CCl,CID000048175,halobetasol propionate,48175
5077,CCN(C)C(=O)OC1=CC=CC(=C1)C(C)N(C)C,CID000005077,rivastigmine,5077
2370,CC(C[N+](C)(C)C)OC(=O)N,CID000002370,bethanechol,2370
5481350,C[C@H](CN1C=NC2=C(N=CN=C21)N)OCP(=O)(OCOC(=O)OC(C)C)OCOC(=O)OC(C)C,CID005481350,tenofovir disoproxil fumarate,5481350
2156,CCCCC1=C(C2=CC=CC=C2O1)C(=O)C3=CC(=C(C(=C3)I)OCC[NH+](CC)CC)I,CID000002156,amiodarone,2156
5155,CC1=CN(C(=O)NC1=O)C2C=CC(O2)CO,CID000005155,stavudine,5155
2733,C1=CC2=C(C=C1Cl)NC(=O)O2,CID000002733,chlorzoxazone,2733
5358,CNS(=O)(=O)CC1=CC2=C(C=C1)NC=C2CCN(C)C,CID000005358,sumatriptan,5358
159,CCCCCC(C=CC1C(CC2C1CC(=CCCCC(=O)O)O2)O)O,CID000000159,prostacyclin,159
3279,CCC(CO)NCCNC(CC)CO,CID000003279,ethambutol,3279
3278,CCC(=C)C(=O)C1=C(C(=C(C=C1)OCC(=O)O)Cl)Cl,CID000003278,ethacrynic acid,3278
122316,C#CCNC1CCC2=CC=CC=C12,CID000122316,RSA,122316
2786,CCCC1CC(N(C1)C)C(=O)NC(C2C(C(C(C(O2)SC)O)O)O)C(C)Cl,CID000002786,clindamycin,2786
4927,CC(CN1C2=CC=CC=C2SC3=CC=CC=C31)N(C)C,CID000004927,promethazine,4927
87177,C([C@@H]1[C@H]([C@@H]([C@H]([C@H](O1)O[C@H]([C@@H](CO)O)[C@@H](C(=O)CO)O)O)O)O)O,CID000087177,lactulose,87177
4829,CCC1=CN=C(C=C1)CCOC2=CC=C(C=C2)CC3C(=O)NC(=O)S3,CID000004829,pioglitazone,4829
3308,CCC1=C2C(=CC=C1)C3=C(N2)C(OCC3)(CC)CC(=O)O,CID000003308,etodolac,3308
2092,CN(CCCNC(=O)C1CCCO1)C2=NC3=CC(=C(C=C3C(=N2)N)OC)OC,CID000002092,alfuzosin,2092
4451,CC1=C(C=CC=C1O)C(=O)NC(CSC2=CC=CC=C2)C(CN3CC4CCCCC4CC3C(=O)NC(C)(C)C)O,CID000004451,nelfinavir,4451
41693,CCC(=O)N(C1=CC=CC=C1)C2(CCN(CC2)CCC3=CC=CS3)COC,CID000041693,sufentanil,41693
3158,CN(C)CCC=C1C2=CC=CC=C2COC3=CC=CC=C31,CID000003158,doxepin,3158
85,C[N+](C)(C)CC(CC(=O)O)O,CID000000085,carnitine,85
3902,C1=CC(=CC=C1C#N)C(C2=CC=C(C=C2)C#N)N3C=NC=N3,CID000003902,letrozole,3902
72467,CC1=C(N=C(N=C1N)C(CC(=O)N)NCC(C(=O)N)N)C(=O)NC(C(C2=CN=CN2)O[C@H]3[C@H]([C@H]([C@@H]([C@@H](O3)CO)O)O)O[C@@H]4[C@H]([C@H]([C@@H]([C@H](O4)CO)O)OC(=O)N)O)C(=O)NC(C)C(C(C)C(=O)NC(C(C)O)C(=O)NCCC5=NC(=CS5)C6=NC(=CS6)C(=O)NCCC[S+](C)C)O,CID000072467,bleomycin,72467
4509,C1C(=O)NC(=O)N1N=CC2=CC=C(O2)[N+](=O)[O-],CID000004509,nitrofurantoin,4509
4044,CC1=C(C(=CC=C1)NC2=CC=CC=C2C(=O)O)C,CID000004044,mefenamic acid,4044
2617,CC1=NN=C(S1)SCC2=C(N3C(C(C3=O)NC(=O)CN4C=NN=N4)SC2)C(=O)[O-],CID000002617,cefazolin,2617
3661,CN1C2CCC1CC(C2)OC(=O)C(CO)C3=CC=CC=C3,CID000003661,atropine,3661
4170,CC1NC2=CC(=C(C=C2C(=O)N1C3=CC=CC=C3C)S(=O)(=O)N)Cl,CID000004170,metolazone,4170
5291,CC1=C(C=C(C=C1)NC(=O)C2=CC=C(C=C2)CN3CCN(CC3)C)NC4=NC=CC(=N4)C5=CN=CC=C5,CID000005291,imatinib,5291
93860,B([C@@H](CC(C)C)NC(=O)[C@@H](CC1=CC=CC=C1)NC(=O)C2=NC=CN=C2)(O)O,CID000093860,bortezomib,93860
3730,CC(=O)N(CC(CO)O)C1=C(C(=C(C(=C1I)C(=O)NCC(CO)O)I)C(=O)NCC(CO)O)I,CID000003730,iohexol,3730
191,C1=NC(=C2C(=N1)N(C=N2)C3C(C(C(O3)CO)O)O)N,CID000000191,adenosine,191
3825,CC(C1=CC(=CC=C1)C(=O)C2=CC=CC=C2)C(=O)O,CID000003825,ketoprofen,3825
2673,CC1=C(N2C(C(C2=O)NC(=O)C(C3=CCC=CC3)N)SC1)C(=O)O,CID000002673,cephradine,2673
2803,C1CN=C(N1)NC2=C(C=CC=C2Cl)Cl,CID000002803,clonidine,2803
1046,C1=CN=C(C=N1)C(=O)N,CID000001046,pyrazinamide,1046
2675,C=CC1=C(N2C(C(C2=O)NC(=O)C(=NOCC(=O)O)C3=CSC(=N3)N)SC1)C(=O)O,CID000002675,cefixime,2675
5052,COC1C(CC2CN3CCC4=C(C3CC2C1C(=O)OC)NC5=C4C=CC(=C5)OC)OC(=O)C6=CC(=C(C(=C6)OC)OC)OC,CID000005052,reserpine,5052
2727,CCCNC(=O)NS(=O)(=O)C1=CC=C(C=C1)Cl,CID000002727,chlorpropamide,2727
4601,CC1=CC=CC=C1C(C2=CC=CC=C2)OCCN(C)C,CID000004601,orphenadrine,4601
2274,CC1C(C(=O)N1S(=O)(=O)O)NC(=O)C(=NOC(C)(C)C(=O)O)C2=CSC(=N2)N,CID000002274,aztreonam,2274
3393,CCN(CC)CCN1C(=O)CN=C(C2=C1C=CC(=C2)Cl)C3=CC=CC=C3F,CID000003393,flurazepam,3393
3394,CC(C1=CC(=C(C=C1)C2=CC=CC=C2)F)C(=O)O,CID000003394,flurbiprofen,3394
2756,CC1=C(N=CN1)CSCCNC(=NC)NC#N,CID000002756,cimetidine,2756
2726,CN(C)CCCN1C2=CC=CC=C2SC3=C1C=C(C=C3)Cl,CID000002726,chlorpromazine,2726
5578,COC1=CC(=CC(=C1OC)OC)CC2=CN=C(N=C2N)N,CID000005578,trimethoprim,5578
3381,CC1(OC2CC3C4CC(C5=CC(=O)C=CC5(C4(C(CC3(C2(O1)C(=O)CO)C)O)F)C)F)C,CID000003381,fluocinolone acetonide,3381
4506,C1C(=O)NC2=C(C=C(C=C2)[N+](=O)[O-])C(=N1)C3=CC=CC=C3,CID000004506,nitrazepam,4506
19090,CC1=C[C@@H]2[C@H](CC[C@]3([C@H]2CC[C@@]3(C(=O)C)O)C)[C@@]4(C1=CC(=O)CC4)C,CID000019090,megestrol,19090
4475485,CC(C)C1=NC(=NC(=C1CCC(CC(CC(=O)O)O)O)C2=CC=C(C=C2)F)N(C)S(=O)(=O)C,CID004475485,rosuvastatin,4475485
3696,CN(C)CCCN1C2=CC=CC=C2CCC3=CC=CC=C31,CID000003696,imipramine,3696
1065,COC1=CC2=C(C=CN=C2C=C1)C(C3CC4CCN3CC4C=C)O,CID000001065,quinidine,1065
5282226,CC(C)OC(=O)CCC/C=C\C[C@H]1[C@H](C[C@H]([C@@H]1/C=C/[C@H](COC2=CC=CC(=C2)C(F)(F)F)O)O)O,CID005282226,travoprost,5282226
3562,C(C(F)(F)F)(Cl)Br,CID000003562,halothane,3562
5505,CCCCNC(=O)NS(=O)(=O)C1=CC=C(C=C1)C,CID000005505,tolbutamide,5505
2130,C1C2CC3CC1CC(C2)(C3)N,CID000002130,amantadine,2130
5478,CC(C)(C)NCC(COC1=NSN=C1N2CCOCC2)O,CID000005478,timolol,5478
2806,COC(=O)C(C1=CC=CC=C1Cl)N2CCC3=C(C2)C=CS3,CID000002806,clopidogrel,2806
3467,CC(C1CCC(C(O1)OC2C(CC(C(C2O)OC3C(C(C(CO3)(C)O)NC)O)N)N)N)NC,CID000003467,gentamicin,3467
2474,CCCCN1CCCCC1C(=O)NC2=C(C=CC=C2C)C,CID000002474,bupivacaine,2474
5493444,CC(C)[C@@H](CC1=CC(=C(C=C1)OC)OCCCOC)C[C@@H]([C@H](C[C@@H](C(C)C)C(=O)NCC(C)(C)C(=O)N)O)N,CID005493444,aliskiren,5493444
3821,CNC1(CCCCC1=O)C2=CC=CC=C2Cl,CID000003821,ketamine,3821
14888,[O-2].[O-2].[O-2].[As+3].[As+3],CID000014888,arsenic trioxide,14888
156419,C[C@H](C1=CC=CC2=CC=CC=C21)NCCCC3=CC(=CC=C3)C(F)(F)F,CID000156419,cinacalcet,156419
3883,CC1=C(C=CN=C1CS(=O)C2=NC3=CC=CC=C3N2)OCC(F)(F)F,CID000003883,lansoprazole,3883
3642,CCCC(=O)OC1(CCC2C1(CC(C3C2CCC4=CC(=O)CCC34C)O)C)C(=O)CO,CID000003642,hydrocortisone butyrate,3642
4138,CC(CC1=CC(=C(C=C1)O)O)(C(=O)O)N,CID000004138,methyldopa,4138
6435110,CCC(C)[C@@H]1[C@H](CC[C@@]2(O1)CC3C[C@H](O2)C/C=C(/[C@H]([C@H](/C=C/C=C/4\CO[C@H]5[C@@]4([C@@H](C=C([C@H]5O)C)C(=O)O3)O)C)O[C@H]6C[C@@H]([C@H]([C@@H](O6)C)OC7C[C@@H]([C@H]([C@@H](O7)C)O)OC)OC)\C)C.C[C@H]1CC[C@]2(CC3C[C@H](O2)C/C=C(/[C@H]([C@H](/C=C/C=C/4\CO[C@H]5[C@@]4([C@@H](C=C([C@H]5O)C)C(=O)O3)O)C)O[C@H]6C[C@@H]([C@H]([C@@H](O6)C)OC7C[C@@H]([C@H]([C@@H](O7)C)O)OC)OC)\C)O[C@@H]1C(C)C,CID006435110,ivermectin,6435110
4192,CC1=NC=C2N1C3=C(C=C(C=C3)Cl)C(=NC2)C4=CC=CC=C4F,CID000004192,midazolam,4192
216326,C1CC(=O)NC(=O)C1N2CC3=C(C2=O)C=CC=C3N,CID000216326,lenalidomide,216326
2554,C1=CC=C2C(=C1)C=CC3=CC=CC=C3N2C(=O)N,CID000002554,carbamazepine,2554
3784,CC1=C(C(C(=C(N1)C)C(=O)OC(C)C)C2=CC=CC3=NON=C32)C(=O)OC,CID000003784,isradipine,3784
104865,CC(C)(C)C1=CC=C(C=C1)S(=O)(=O)NC2=C(C(=NC(=N2)C3=NC=CC=N3)OCCO)OC4=CC=CC=C4OC,CID000104865,bosentan,104865
4499,CC1=C(C(C(=C(N1)C)C(=O)OCC(C)C)C2=CC=CC=C2[N+](=O)[O-])C(=O)OC,CID000004499,nisoldipine,4499
2160,CN(C)CCC=C1C2=CC=CC=C2CCC3=CC=CC=C31,CID000002160,amitriptyline,2160
2708,C1=CC(=CC=C1CCCC(=O)O)N(CCCl)CCCl,CID000002708,chlorambucil,2708
3161,CC1C2C(C3C(C(=O)C(=C(C3(C(=O)C2=C(C4=C1C=CC=C4O)O)O)O)C(=O)N)N(C)C)O,CID000003161,doxycycline,3161
5525,CCOC(=O)C(CCC1=CC=CC=C1)NC(C)C(=O)N2C3CCCCC3CC2C(=O)O,CID000005525,trandolapril,5525
5482,C1=CC(=C(C=C1Cl)Cl)C(CN2C=CN=C2)OCC3=C(SC=C3)Cl,CID000005482,tioconazole,5482
104741,C[C@]12CC[C@H]3[C@H]([C@@H]1CC[C@@H]2O)[C@@H](CC4=C3C=CC(=C4)O)CCCCCCCCCS(=O)CCCC(C(F)(F)F)(F)F,CID000104741,fulvestrant,104741
3032,C1=CC=C(C(=C1)CC(=O)[O-])NC2=C(C=CC=C2Cl)Cl,CID000003032,diclofenac,3032
3386,CNCCC(C1=CC=CC=C1)OC2=CC=C(C=C2)C(F)(F)F,CID000003386,fluoxetine,3386
5253,CC(C)NCC(C1=CC=C(C=C1)NS(=O)(=O)C)O,CID000005253,sotalol,5253
5353980,C1=CC=NC(=C1)NS(=O)(=O)C2=CC=C(C=C2)N=NC3=CC(=C(C=C3)O)C(=O)O,CID005353980,sulfasalazine,5353980
5039,CNC(=C[N+](=O)[O-])NCCSCC1=CC=C(O1)CN(C)C,CID000005039,ranitidine,5039
147912,CC[C@@H]([C@H](C)O)N1C(=O)N(C=N1)C2=CC=C(C=C2)N3CCN(CC3)C4=CC=C(C=C4)OCC5C[C@](OC5)(CN6C=NC=N6)C7=C(C=C(C=C7)F)F,CID000147912,posaconazole,147912
5005,CCOC(=O)C(CCC1=CC=CC=C1)NC(C)C(=O)N2CC3=CC=CC=C3CC2C(=O)O,CID000005005,quinapril,5005
36339,CCOC(=O)C1=CN=CN1C(C)C2=CC=CC=C2,CID000036339,etomidate,36339
4993,CCC1=C(C(=NC(=N1)N)N)C2=CC=C(C=C2)Cl,CID000004993,pyrimethamine,4993
54688,CC[C@@H]1[C@@]([C@@H]([C@H](C(=O)[C@@H](C[C@@]([C@@H]([C@H]([C@@H]([C@H](C(=O)O1)C)OC2CC(C(C(O2)C)O)(C)OC)C)OC3C(C(CC(O3)C)N(C)C)O)(C)OC)C)C)O)(C)O,CID000054688,clarithromycin,54688
2522,CC(C=CC(C1CC1)O)C2CCC3C2(CCCC3=CC=C4CC(CC(C4=C)O)O)C,CID000002522,calcipotriol,2522
4999,C1C(=S)N(C2=C(C=C(C=C2)Cl)C(=N1)C3=CC=CC=C3F)CC(F)(F)F,CID000004999,quazepam,4999
5651,CC1C(C(CC(O1)OC2C(C(C(OC2OC3=C4C=C5C=C3OC6=C(C=C(C=C6)C(C(C(=O)NC(C(=O)NC5C(=O)NC7C8=CC(=C(C=C8)O)C9=C(C=C(C=C9O)O)C(NC(=O)C(C(C1=CC(=C(O4)C=C1)Cl)O)NC7=O)C(=O)O)CC(=O)N)NC(=O)C(CC(C)C)NC)O)Cl)CO)O)O)(C)N)O,CID000005651,vancomycin,5651
59708,CCC(C(=O)N)N1CCCC1=O,CID000059708,levetiracetam,59708
3062,CC1C(C(CC(O1)OC2C(OC(CC2O)OC3C(OC(CC3O)OC4CCC5(C(C4)CCC6C5CC(C7(C6(CCC7C8=CC(=O)OC8)O)C)O)C)C)C)O)O,CID000003062,digoxin,3062
4666,CC1=C2C(C(=O)C3(C(CC4C(C3C(C(C2(C)C)(CC1OC(=O)C(C(C5=CC=CC=C5)NC(=O)C6=CC=CC=C6)O)O)OC(=O)C7=CC=CC=C7)(CO4)OC(=O)C)O)C)OC(=O)C,CID000004666,paclitaxel,4666
2118,CC1=NN=C2N1C3=C(C=C(C=C3)Cl)C(=NC2)C4=CC=CC=C4,CID000002118,alprazolam,2118
5095,CCCN(CCC)CCC1=C2CC(=O)NC2=CC=C1,CID000005095,ropinirole,5095
150311,C1=CC(=CC=C1[C@@H]2[C@H](C(=O)N2C3=CC=C(C=C3)F)CC[C@@H](C4=CC=C(C=C4)F)O)O,CID000150311,ezetimibe,150311
5379,CC1CN(CCN1)C2=C(C=C3C(=C2OC)N(C=C(C3=O)C(=O)O)C4CC4)F,CID000005379,gatifloxacin,5379
9433,CN1C2=C(C(=O)N(C1=O)C)NC=N2.CN1C2=C(C(=O)N(C1=O)C)NC=N2.C(CN)N,CID000009433,aminophylline,9433
4911,CCCN(CCC)S(=O)(=O)C1=CC=C(C=C1)C(=O)O,CID000004911,probenecid,4911
4913,CCN(CC)CCNC(=O)C1=CC=C(C=C1)N,CID000004913,procainamide,4913
4479097,CC1=CC2=C(C=C1C)N(C=N2)C3C(C(C(O3)CO)OP(=O)([O-])OC(C)CNC(=O)CCC4(C(C5C6(C(C(C(=N6)C(=C7C(C(C(=N7)C=C8C(C(C(=N8)C(=C4[N-]5)C)CCC(=O)N)(C)C)CCC(=O)N)(C)CC(=O)N)C)CCC(=O)N)(C)CC(=O)N)C)CC(=O)N)C)O.O.[Co],CID004479097,hydroxocobalamin,4479097
3114,CC(C)N(CCC(C1=CC=CC=C1)(C2=CC=CC=N2)C(=O)N)C(C)C,CID000003114,disopyramide,3114
34312,C1C2=CC=CC=C2N(C3=CC=CC=C3C1=O)C(=O)N,CID000034312,oxcarbazepine,34312
1117,[O-]S(=O)(=O)[O-],CID000001117,sulfate,1117
5473385,C1=NC2C(=N1)NC(=NC2=S)N,CID005473385,6-thioguanine,5473385
4095,CCC(=O)C(CC(C)N(C)C)(C1=CC=CC=C1)C2=CC=CC=C2,CID000004095,methadone,4095
3059,C1=CC(=C(C=C1C2=C(C=C(C=C2)F)F)C(=O)O)O,CID000003059,diflunisal,3059
9052,CC(=O)CC(C1=CC=C(C=C1)[N+](=O)[O-])C2=C(C3=CC=CC=C3OC2=O)O,CID000009052,acenocoumarol,9052
3367,C1=NC2=C(N=C(N=C2N1C3C(C(C(O3)CO)O)O)F)N,CID000003367,fludarabine,3367
41317,CC1=CC(=C(C(=C1C=CC(=CC=CC(=CC(=O)O)C)C)C)C)OC,CID000041317,acitretin,41317
815,C1C(C(C(C(C1N)OC2C(C(C(C(O2)CN)O)O)O)O)OC3C(C(C(C(O3)CO)O)N)O)N,CID000000815,kanamycin,815
24011,S=[Se],CID000024011,selenium sulfide,24011
2019,CC1C(C(=O)NC(C(=O)N2CCCC2C(=O)N(CC(=O)N(C(C(=O)O1)C(C)C)C)C)C(C)C)NC(=O)C3=C4C(=C(C=C3)C)OC5=C(C(=O)C(=C(C5=N4)C(=O)NC6C(OC(=O)C(N(C(=O)CN(C(=O)C7CCCN7C(=O)C(NC6=O)C(C)C)C)C)C(C)C)C)N)C,CID000002019,actinomycin D,2019
2141,C(CN)CNCCSP(=O)(O)O,CID000002141,amifostine,2141
4603,CCC(CC)OC1C=C(CC(C1NC(=O)C)N)C(=O)OCC,CID000004603,oseltamivir,4603
13342,CC[C@@]1(C[C@H]2C[C@@](C3=C(CCN(C2)C1)C4=CC=CC=C4N3)(C5=C(C=C6C(=C5)[C@]78CCN9[C@H]7[C@@](C=CC9)([C@H]([C@@]([C@@H]8N6C)(C(=O)OC)O)OC(=O)C)CC)OC)C(=O)OC)O,CID000013342,vinblastine,13342
57537,CCCN(CCC1=CC=CS1)C2CCC3=C(C2)C=CC=C3O,CID000057537,N-0437,57537
213039,CC(C)CN(C[C@H]([C@H](CC1=CC=CC=C1)NC(=O)O[C@H]2CO[C@@H]3[C@H]2CCO3)O)S(=O)(=O)C4=CC=C(C=C4)N,CID000213039,TMC114,213039
2267,CN1CCCC(CC1)N2C(=O)C3=CC=CC=C3C(=N2)CC4=CC=C(C=C4)Cl,CID000002267,azelastine,2267
71273,CCCN1CCCCC1C(=O)NC2=C(C=CC=C2C)C,CID000071273,ropivacaine,71273
3255,CCC1C(C(C(C(=O)C(CC(C(C(C(C(C(=O)O1)C)OC2CC(C(C(O2)C)O)(C)OC)C)OC3C(C(CC(O3)C)N(C)C)O)(C)O)C)C)O)(C)O,CID000003255,erythromycin,3255
4845,CC(C)(C)NCC(C1=NC(=C(C=C1)O)CO)O,CID000004845,pirbuterol,4845
937,C1=CC(=CN=C1)C(=O)[O-],CID000000937,nicotinic acid,937
4991,C[N+]1=CC=CC(=C1)OC(=O)N(C)C,CID000004991,pyridostigmine,4991
4112,CN(CC1=CN=C2C(=N1)C(=NC(=N2)N)N)C3=CC=C(C=C3)C(=O)NC(CCC(=O)O)C(=O)O,CID000004112,methotrexate,4112
3203,C1CC1C#CC2(C3=C(C=CC(=C3)Cl)NC(=O)O2)C(F)(F)F,CID000003203,efavirenz,3203
3672,CC(C)CC1=CC=C(C=C1)C(C)C(=O)O,CID000003672,ibuprofen,3672
5029,CC1=C(C=CN=C1CS(=O)C2=NC3=CC=CC=C3N2)OCCCOC,CID000005029,rabeprazole,5029
6436173,C[C@H]1/C=C/C=C(\C(=O)NC2=C(C3=C(C4=C(C(=C3O)C)O[C@@](C4=O)(O/C=C/[C@@H]([C@H]([C@H]([C@@H]([C@@H]([C@@H]([C@H]1O)C)O)C)OC(=O)C)C)OC)C)C5=C2N6C=CC(=CC6=N5)C)O)/C,CID006436173,rifaximin,6436173
3954,CN(C)C(=O)C(CC[NH+]1CCC(CC1)(C2=CC=C(C=C2)Cl)O)(C3=CC=CC=C3)C4=CC=CC=C4,CID000003954,loperamide,3954
3746,CC(C)[N+]1(C2CCC1CC(C2)OC(=O)C(CO)C3=CC=CC=C3)C,CID000003746,ipratropium bromide,3746
60865,CN(C)CCC=C1C2=CC=CC=C2COC3=C1C=C(C=C3)CC(=O)O,CID000060865,olopatadine,60865
2311,CCOC(=O)C(CCC1=CC=CC=C1)NC2CCC3=CC=CC=C3N(C2=O)CC(=O)O,CID000002311,benazepril,2311
4497,CC1=C(C(C(=C(N1)C)C(=O)OC(C)C)C2=CC(=CC=C2)[N+](=O)[O-])C(=O)OCCOC,CID000004497,nimodipine,4497
2187,CC(C)(C#N)C1=CC(=CC(=C1)CN2C=NC=N2)C(C)(C)C#N,CID000002187,anastrozole,2187
3016,CN1C(=O)CN=C(C2=C1C=CC(=C2)Cl)C3=CC=CC=C3,CID000003016,diazepam,3016
2369,CC(C)NCC(COC1=CC=C(C=C1)CCOCC2CC2)O,CID000002369,betaxolol,2369
206,C(C1C(C(C(C(O1)O)O)O)O)O,CID000000206,galactose,206
2244,CC(=O)OC1=CC=CC=C1C(=O)O,CID000002244,aspirin,2244
2471,CCCCNC1=C(C(=CC(=C1)C(=O)O)S(=O)(=O)N)OC2=CC=CC=C2,CID000002471,bumetanide,2471
4635,CN1CCC23C4C(=O)CCC2(C1CC5=C3C(=C(C=C5)OC)O4)O,CID000004635,oxycodone,4635
51634,CCCCN1C[C@@H]([C@H]([C@@H]([C@H]1CO)O)O)O,CID000051634,N-butyldeoxynojirimycin,51634
5544,CC12CC(C3(C(C1CC(C2(C(=O)CO)O)O)CCC4=CC(=O)C=CC43C)F)O,CID000005544,triamcinolone,5544
3937,C1CC(N(C1)C(=O)C(CCCCN)NC(CCC2=CC=CC=C2)C(=O)O)C(=O)O,CID000003937,lisinopril,3937
4616,C1=CC=C(C=C1)C2=NC(C(=O)NC3=C2C=C(C=C3)Cl)O,CID000004616,oxazepam,4616
5572,C1CCC(CC1)C(CCN2CCCCC2)(C3=CC=CC=C3)O,CID000005572,trihexyphenidyl,5572
54547,COCC1=C(N2C(C(C2=O)NC(=O)C(=NOC)C3=CSC(=N3)N)SC1)C(=O)O,CID000054547,cefpodoxime,54547
3736,CN(CC(CO)O)C(=O)C1=C(C(=C(C(=C1I)C(=O)NCC(CO)O)I)NC(=O)COC)I,CID000003736,iopromide,3736
4473,CC1=C(C(C(=C(N1)C)C(=O)OCC[NH+](C)CC2=CC=CC=C2)C3=CC(=CC=C3)[N+](=O)[O-])C(=O)OC,CID000004473,nicardipine,4473
5184,CN1C2CC(CC1C3C2O3)OC(=O)C(CO)C4=CC=CC=C4,CID000005184,scopolamine,5184
4674,C(CN)C(O)(P(=O)(O)O)P(=O)(O)O,CID000004674,pamidronate,4674
5672,CCC1=CC2CC(C3=C(CN(C2)C1)C4=CC=CC=C4N3)(C5=C(C=C6C(=C5)C78CCN9C7C(C=CC9)(C(C(C8N6C)(C(=O)OC)O)OC(=O)C)CC)OC)C(=O)OC,CID000005672,vinorelbine,5672
4675,CC(=O)OC1CC2CCC3C(C2(CC1[N+]4(CCCCC4)C)C)CCC5(C3CC(C5OC(=O)C)[N+]6(CCCCC6)C)C,CID000004675,pancuronium,4675
5734,C1=CC=C2C(=C1)C(=NO2)CS(=O)(=O)N,CID000005734,zonisamide,5734
2308,CC1CC2C3CCC4=CC(=O)C=CC4(C3(C(CC2(C1(C(=O)CO)O)C)O)Cl)C,CID000002308,beclomethasone,2308
60815,CCC(=O)N(C1=CC=CC=C1)C2(CCN(CC2)CCC(=O)OC)C(=O)OC,CID000060815,remifentanil,60815
3325,C1=C(N=C(S1)N=C(N)N)CSCCC(=NS(=O)(=O)N)N,CID000003325,famotidine,3325
3827,CN1CCC(=C2C3=C(C(=O)CC4=CC=CC=C42)SC=C3)CC1,CID000003827,ketotifen,3827
4236,C1=CC=C(C=C1)C(C2=CC=CC=C2)S(=O)CC(=O)N,CID000004236,modafinil,4236
40976,CCC12CC(=C)C3C(C1CC[C@]2(C#C)O)CCC4=CC(=O)CCC34,CID000040976,Implanon,40976
5381,CCOC(=O)C1=CN=C(C=C1)C#CC2=CC3=C(C=C2)SCCC3(C)C,CID000005381,tazarotene,5381
3658,C1CN(CCN1CCOCCO)C(C2=CC=CC=C2)C3=CC=C(C=C3)Cl,CID000003658,hydroxyzine,3658
3494,C[N+]1(CCC(C1)OC(=O)C(C2CCCC2)(C3=CC=CC=C3)O)C,CID000003494,glycopyrrolate,3494
4819,CCC1C(COC1=O)CC2=CN=CN2C,CID000004819,pilocarpine,4819
60877,C1[C@H](O[C@H](S1)CO)N2C=C(C(=NC2=O)N)F,CID000060877,FTC,60877
74989,C1CC(CCC1C2=CC=C(C=C2)Cl)C3=C(C4=CC=CC=C4C(=O)C3=O)O,CID000074989,atovaquone,74989
4856,CN1C(=C(C2=CC=CC=C2S1(=O)=O)O)C(=O)NC3=CC=CC=N3,CID000004856,piroxicam,4856
5656,CN(C)CC(C1=CC=C(C=C1)OC)C2(CCCCC2)O,CID000005656,venlafaxine,5656
3081884,C[C@@H](C(=O)O)N.CC(=O)O.C1=CC(=CC=C1C[C@@H](C(=O)O)N)O.C(CCN)C[C@@H](C(=O)O)N.C(CC(=O)O)[C@@H](C(=O)O)N,CID003081884,glatiramer acetate,3081884
4547,CCOC1=C(C=CC(=C1)CC(=O)NC(CC(C)C)C2=CC=CC=C2N3CCCCC3)C(=O)O,CID000004547,repaglinide,4547
60184,CCC[C@@H](C(=O)OCC)N[C@H](C)C(=O)N1[C@H]2CCCC[C@H]2C[C@H]1C(=O)O,CID000060184,perindopril,60184
64147,CC(C)C(C(=O)OCC(CO)OCN1C=NC2=C1N=C(NC2=O)N)N,CID000064147,valganciclovir,64147
216239,CNC(=O)C1=NC=CC(=C1)OC2=CC=C(C=C2)NC(=O)NC3=CC(=C(C=C3)Cl)C(F)(F)F,CID000216239,sorafenib,216239
3086258,CCC1=C2C=C3C(=C(C(=CC4=NC(=CC5=NC(=CC(=C1C)N2)C(=C5CCC(=O)O)C)C(=C4C)CCC(=O)O)N3)C(C)O)C,CID003086258,porfimer sodium,3086258
4195,COC1=CC(=C(C=C1)OC)C(CNC(=O)CN)O,CID000004195,midodrine,4195
2512,CCNC(=O)N(CCCN(C)C)C(=O)C1CC2C(CC3=CNC4=CC=CC2=C34)N(C1)CC=C,CID000002512,cabergoline,2512
5721,CC(=O)NC1C(C=C(OC1C(C(CO)O)O)C(=O)O)N=C(N)N,CID000005721,zanamivir,5721
5726,CC1=CN(C(=O)NC1=O)C2CC(C(O2)CO)N=[N+]=[N-],CID000005726,zidovudine,5726
83786,C1=NNC2=C1C(=O)NC=N2,CID000083786,allopurinol,83786
5195,CC(CC1=CC=CC=C1)N(C)CC#C,CID000005195,selegiline,5195
4745,CCCN1CC(CC2C1CC3=CNC4=CC=CC2=C34)CSC,CID000004745,pergolide,4745
2712,CN=C1CN(C(=C2C=C(C=CC2=N1)Cl)C3=CC=CC=C3)O,CID000002712,chlordiazepoxide,2712
3075,CC(=O)OC1C(SC2=CC=CC=C2N(C1=O)CC[NH+](C)C)C3=CC=C(C=C3)OC,CID000003075,diltiazem,3075
6918453,CCP(CC)CC.CC(=O)OC[C@@H]1[C@H]([C@@H]([C@H]([C@@H](O1)[S-])OC(=O)C)OC(=O)C)OC(=O)C.[Au+],CID006918453,auranofin,6918453
5210,CC(C)CC(C1(CCC1)C2=CC=C(C=C2)Cl)N(C)C,CID000005210,sibutramine,5210
3652,CCN(CCCC(C)NC1=C2C=CC(=CC2=NC=C1)Cl)CCO,CID000003652,hydroxychloroquine,3652
2951,C1C(=NC(=O)N1N=CC2=CC=C(O2)C3=CC=C(C=C3)[N+](=O)[O-])[O-],CID000002951,dantrolene,2951
2650,CC(C)(C(=O)O)ON=C(C1=CSC(=N1)N)C(=O)NC2C3N(C2=O)C(=C(CS3)C[N+]4=CC=CC=C4)C(=O)[O-],CID000002650,ceftazidime,2650
